id,ref,url,template,name,language
602131b4360e2c935609f70f,IRSR02,http://azimut.ski/fr/trips/ascension-damavand-5671m-ski-de-randonnee,product,Ascension Damavand 5671m - ski de randonnée,fr
60213238360e2c93560e5a9f,AUSR02,http://azimut.ski/en/trips/silvretta-ski-de-rando---raid-confort-en-ski-de-randonnee,product,Ski touring across the Silvretta,en
60213290360e2c9356113bc4,NOSR03 NOR069,http://azimut.ski/fr/trips/norvege-ski-de-randonnee-dans-les-lofoten,product,"Norvège, ski de randonnée dans les Lofoten",fr
60213293360e2c9356115209,TUSR01,http://azimut.ski/fr/trips/turquie-ski-de-randonnee-dans-les-taurus,product,"Turquie, ski de randonnée dans les Taurus",fr
602132d0360e2c9356135adb,FRSF03,http://azimut.ski/fr/trips/weekend-chasseur-de-poudre---ski-freeride---ski-elite,product,Weekend Chasseur de Poudre - Ski Freeride,fr
602132d1360e2c935613647c,KISF01,http://azimut.ski/fr/trips/ski-freeride-au-kyrgyzstan,product,Ski Freeride au Kirgistan dans la chaine des Tien Shan,fr
602132e5360e2c9356156ef6,FRSF05,http://azimut.ski/fr/trips/meilleurs-spots-ecrins-piemont--la-grave---ski-freeride,product,"Meilleurs spots ski freeride- Ecrins, La Grave et Piémont",fr
6021331a360e2c93561b6723,ISSR02,http://azimut.ski/fr/trips/fjords-sauvages-islande---ski-de-randonnee,product,Fjords sauvages d&#39;Islande - Ski de randonnée,fr
6021331c360e2c93561ba176,NOSR01,http://azimut.ski/fr/trips/bateau-ski-de-randonnee---alpes-de-lyngen,product,Bateau & ski de randonnée - Alpes de Lyngen - Norvège,fr
6021331f360e2c93561bee3c,GESR01,http://azimut.ski/fr/trips/georgie---sud-caucase-et-kazbek-ski-de-randonnee,product,Georgie - Sud Caucase et Kazbek ski de randonnée,fr
60213328360e2c93561c85ae,ISSR03,http://azimut.ski/fr/trips/peninsule-des-trolls---ski-de-randonnee,product,La mystérieuse péninsule des trolls - L&#39;Islande à ski de randonnée,fr
60213393360e2c93561e88c5,SUSR04,http://azimut.ski/fr/trips/chamonix-zermatt-en-ski-de-rando---version-tranquille,product,La classique Chamonix-Zermatt en ski de rando par Valsorey,fr
60213396360e2c93561e8a4f,FRSF09,http://azimut.ski/fr/trips/ski-freeride---spots-secrets-de-savoie,product,Ski freeride - spots secrets de Savoie,fr
602133f8360e2c93561fdc3f,GESR02,http://azimut.ski/fr/trips/georgie---svanetie-joyau-du-ski-de-rando,product,"Georgie - Svanetie, joyau du ski de rando",fr
60213550360e2c9356249173,SUSR05,http://azimut.ski/en/trips/grand-saint-bernard-hospice---skitouring,product,Grand Saint Bernard Hospice - Ski touring,en
6021355f360e2c935624d1fc,FRSR10 ALP021,http://azimut.ski/fr/trips/chamonix-et-ascension-du-mont-blanc--ski-de-rando,product,Chamonix et Ascension du Mont Blanc à ski de rando,fr
602136f1360e2c93562b2791,FRSR04,http://azimut.ski/fr/trips/dome-des-ecrins-premier-4000---ski-de-randonnee,product,Dôme des Ecrins premier 4000 - ski de randonnée,fr
602139f0360e2c935641cd2d,FRSR26 ALP042,http://azimut.ski/fr/trips/cervieres-brianconnais-sauvage---initiation-ski-rando,product,Découverte du ski rando entre Ecrins et Col d&#39;Izoard,fr
60213c5d360e2c93564e0afb,FRSR13,http://azimut.ski/fr/trips/week-end-decouverte-du-ski-de-rando---vanoise,product,Découverte du ski de rando - Vanoise,fr
60213f04360e2c93565f0842,ITSR16,http://azimut.ski/fr/trips/etna-en-ski-de-randonnee---italie-sicile,product,Etna en ski de randonnée - Sicile -Italie,fr
60213f66360e2c935661b020,ITSR03 ALP035,http://azimut.ski/fr/trips/grand-paradis-a-ski-de-randonnee-4061m,product,Grand Paradis à ski de randonnée 4061m,fr
60214004360e2c935668ef68,FRSR20,http://azimut.ski/fr/trips/sejour-initiation-ski-de-randonnee-en-beaufortain---ski-de-randonnee-en-savoie,product,Séjour initiation ski de randonnée - Beaufortain  - Savoie,fr
6021431b360e2c93568e2197,FRSR01 ALP028,http://azimut.ski/fr/trips/sejour-decouverte-ski-de-randonnee---la-grave-et-serre-chevalier,product,Découverte du ski de rando - La Grave et Serre Chevalier,fr
602144bf360e2c9356a22955,FRAL03,http://azimut.ski/fr/trips/stage-d-initiation-face-au-dome-des-ecrins-m---alpinisme,product,Stage d&#39;initiation face au Dôme des Ecrins (4015m) - Alpinisme,fr
602144c6360e2c9356a26b6c,FRAL23  ALP060,http://azimut.ski/fr/trips/objectif-les-domes-de-miage,product,Objectif les Dômes de Miage  - Alpinisme,fr
602146ca360e2c9356be0d60,ITSR04 ALP058,http://azimut.ski/fr/trips/traversee-des-dolomites---ski-de-randonnee,product,Traversée des Dolomites - Ski de randonnée,fr
602147f3360e2c9356ccd99d,SUSR03,http://azimut.ski/fr/trips/les-4000-de-saas-fee-express-en-ski-de-randonnee-suisse,product,Les 4000 de Saas Fee en ski de randonnée - Suisse,fr
602148b1360e2c9356d5c228,FRAL22 ALP001,http://azimut.ski/fr/trips/ascension-du-mont-blanc-avec-preparation---voie-normale-m--6--jours,product,Ascension du Mont Blanc avec préparation - Voie Normale (4810m) - 6 jours,fr
6021496a360e2c9356dd104c,FRSF41,http://azimut.ski/fr/trips/week-end-decouverte-ski-freeride---chamonix-mont-blanc,product,Week-end initiation ski freerando - Chamonix Mont Blanc,fr
60214bcd360e2c9356ee81aa,FRSR51 ALP069,http://azimut.ski/fr/trips/aiguilles-rouges-chamonix---ski-de-randonnee,product,Aiguilles Rouges Chamonix - ski de randonnée,fr
60214c3b360e2c9356f06400,FRAL31,http://azimut.ski/fr/trips/ascension-du-mont-blanc-avec-preparation---versant-italien----jours,product,Ascension du Mont Blanc avec préparation - Versant Italien - 4 jours,fr
60214e87360e2c9356fb033a,PASR01,http://azimut.ski/fr/trips/le-pakistan-a-ski-de-randonnee---au-coeur-du-karakoram,product,Le Pakistan à ski de randonnée - au coeur du Karakoram,fr
60214eb7360e2c9356fbbed4,FRF01,http://azimut.ski/fr/trips/formation-scurit-neige-et-avalanches,product,Formation sécurité neige et avalanches,fr
60214f64360e2c93560046cf,FRSR60,http://azimut.ski/fr/trips/journee-decouverte-du-ski-rando-au-col-dizoard,product,Journée Découverte du ski rando au Col d&#39;Izoard,fr
60215282360e2c935612b98e,ITVE01 ITAV05,http://azimut.ski/fr/trips/decouverte-des-dolomites-vtt-electrique-confort,product,VTT Electrique - Stage d&#39;initiation à la découverte des Dolomites,fr
602152a6360e2c9356135404,FRVM02,http://azimut.ski/fr/trips/vtt-raid---tour-du-mont-blanc,product,VTT Raid - Le mythique Tour du Mont Blanc avec logisticien privé,fr
6021533f360e2c9356159e91,ITBRA01,http://azimut.ski/fr/trips/vtt-raid---queyras-val-maira,product,VTT Raid - Du Queyras au Val Maira,fr
6021536c360e2c935616932d,POSR01,http://azimut.ski/fr/trips/pologne---la-traversee-des-tatras-en-ski-de-randonnee-top-confort,product,Pologne - La Traversée des Tatras - Raid en ski de randonnée,fr
60215596360e2c93563179f7,FRSR54,http://azimut.ski/fr/trips/sejour-decouverte-ski-de-randonnee---chamonix-mont-blanc---formule-confort,product,Séjour découverte ski de randonnée confort - Chamonix Mont-blanc,fr
60215f0e360e2c9356c0d898,FRSF44,http://azimut.ski/en/trips/-freeride-skiing---chamonix-mont-blanc,product,100% freeride skiing weekend - Chamonix Mont blanc,en
60216283360e2c9356ec4fa0,ITVM01,http://azimut.ski/fr/trips/vtt-enduro---incontournable-finale-ligure,product,VTT Enduro - Finale Ligure et ses spots secrets avec déposes navettes,fr
602168ac360e2c9356161285,ITSF01 ALP040,http://azimut.ski/fr/trips/gressoney-mt-rose---ski-freeride-rando-confort,product,Gressoney - Mont Rose - Ski Freeride rando,fr
60216903360e2c9356171740,ITSF04,http://azimut.ski/fr/trips/dolomites-skitrip---ski-freeride-freerando,product,Dolomites skitrip - Ski Freeride freerando,fr
60216ff6360e2c935642bbda,FRSR52,http://azimut.ski/fr/trips/sejour-decouverte-ski-de-randonnee---chamonix-mont-blanc,product,Séjour découverte ski de randonnée - Chamonix Mont-blanc,fr
602170a2360e2c93564a1f9f,FRSR17 ALP071,http://azimut.ski/fr/trips/itinerance-vallee-de-la-claree---ski-de-rando,product,Itinérance douce - Vallée sauvage de la Clarée - Ski de rando,fr
602170fa360e2c93564e05ec,FRVM01,http://azimut.ski/fr/trips/vtt-tour-du-queyras,product,VTT Raid - Tour du Queyras façon Azimut,fr
60217360360e2c93566bf96b,ITSR11 ALP036,http://azimut.ski/fr/trips/mont-rose-ascension-a-ski-de-randonnee-4563m,product,Mont Rose ascension à ski de randonnée 4563m,fr
6021739a360e2c93566e7e70,ITSR01 ALP031,http://azimut.ski/fr/trips/vallees-secretes-du-val-maira---ski-randonnee-,product,Vallées secrètes du Val Maira version confort- ski de randonnée,fr
602173a0360e2c93566ebda5,FRSR18 ALP070,http://azimut.ski/fr/trips/ascension-du-mont-thabor---vallee-de-la-claree-ski-de-rando,product,Ascension du Mont Thabor - Vallée de la Clarée Ski de rando,fr
602173d8360e2c935670e967,SUSR20,http://azimut.ski/fr/trips/autre-route---chamonix-zermatt-raid-mythique-en-ski-de-randonnee,product,L&#39;autre route - Chamonix-Zermatt raid mythique en ski de randonnée,fr
60217648360e2c93568f37bf,FRSR11 ALP032,http://azimut.ski/fr/trips/glaciers-de-haute-maurienne---ski-de-randonnee,product,Glaciers de Haute Maurienne - Ski de randonnée,fr
60217725360e2c93569a90c1,FRSR30,http://azimut.ski/fr/trips/glaciers-des-ecrins---ski-de-randonnee,product,Glaciers des Ecrins - Ski de randonnée sauvage,fr
6021774c360e2c93569c2e73,MASR01,http://azimut.ski/fr/trips/maroc-decouverte-du-haut-atlas-en-ski-de-randonnee,product,"Maroc, découverte du Haut Atlas en ski de randonnée",fr
60217755360e2c93569c9fb3,ITSR17,http://azimut.ski/fr/trips/ski-de-randonnee---sestriere---italie,product,Ski de Randonnée - Weekend dans le Piémont Italien,fr
6021782a360e2c9356a840ef,JASR01 JAP010,http://azimut.ski/fr/trips/japon---ski-de-randonnee-sur-les-iles-de-rishiri-et-hokkaido-,product,Ski de randonnée sur les îles de Rishiri et Hokkaido - Japon,fr
602178cc360e2c9356b0739f,ITSR09 ALP079,http://azimut.ski/fr/trips/val-devero---ski-de-randonnee---italie,product,Ski de randonnée - Val Devero - Italie,fr
6021795b360e2c9356b7bb64,FRGB01,http://azimut.ski/fr/trips/traversee-des-alpes---gravel-bike-velo-de-route,product,"Traversée des Alpes - Gravel Bike, Vélo de route",fr
6021797d360e2c9356b99e33,MAGB01,http://azimut.ski/fr/trips/maroc---voyage-sur-l-atlas---gravel-bike-velo-de-route,product,"Maroc - Voyage sur l&#39;Atlas - Gravel Bike, vélo de route",fr
60217a9b360e2c9356c5d9d6,KIGB01,http://azimut.ski/fr/trips/gravel-bike---voyage-au-kirghizstan,product,"Kirgistan - Route de la Soie - Gravel Bike, vélo de route",fr
60217b45360e2c9356cd4554,BOGB01,http://azimut.ski/fr/trips/bolivie---gravel-bike-velo-de-route,product,"Bolivie - La route des Joyaux - Gravel Bike, vélo de route",fr
60217f16360e2c9356f93ced,FRSF08,http://azimut.ski/fr/trips/initiation-dans-le-queyras---ski-freeride-freerando,product,Initiation dans le Queyras - Ski Freeride Freerando,fr
60218028360e2c9356058668,FRSR23,http://azimut.ski/fr/trips/traversee-des-ecrins-et-dome-ski-de-randonnee,product,Raid à ski dans les Ecrins - traversée et ascension du Dôme,fr
60218078360e2c9356091f08,FRSR29,http://azimut.ski/fr/trips/glaciers-de-la-vanoise---traversee-en-ski-de-rando,product,Glaciers de la Vanoise - Traversée en ski de rando,fr
602180bd360e2c93560cf222,FRVM06,http://azimut.ski/fr/trips/vtt-enduro-ecrins,product,VTT Enduro Ecrins - La Mecque de l&#39;Enduro avec déposes navettes,fr
602186f3360e2c935655ebe2,FRSR22,http://azimut.ski/fr/trips/tour-de-la-meije---ski-de-randonnee,product,Tour de la Meije - ski de randonnée,fr
60218e2e360e2c9356a4a58a,ITSR05,http://azimut.ski/fr/trips/les-dolomites--ski-de-randonne---en-toile,product,Les Dolomites à ski de randonnée confort - En étoile,fr
60218e4f360e2c9356a5f048,FRSR03 ALP080,http://azimut.ski/fr/trips/stage-ski-randonnee-ubaye-sauvage-sejour-ski-a-ski-de-rando-de-randonnee,product,Ubaye - La pépite des Alpes du sud en ski de randonnée,fr
6021932a360e2c9356cc4781,ARSR01,http://azimut.ski/fr/trips/armenie-la-perle-ex-soviet-du-caucase,product,"Volcans d&#39;Arménie à ski de rando, la perle ex-soviet du Caucase",fr
6021959a360e2c9356d5c7e7,ITSR10,http://azimut.ski/fr/trips/raid-a-ski-cervin---mont-rose---zermatt-4563m,product,Raid à ski Cervin - Mont Rose - Zermatt 4563m,fr
60219b8d360e2c9356fca2ad,JASF01,http://azimut.ski/en/trips/Freeride-skiing-Japan,product,Freeride skiing in Japan,en
60219cb8360e2c9356048974,FRSR25,http://azimut.ski/fr/trips/weekend-decouverte-ski-rando-savoie-beaufortain---initiation-ski-rando,product,Weekend découverte du ski rando confort - Beaufortain - Savoie,fr
6021a02b360e2c935618bc3a,FRSF11,http://azimut.ski/fr/trips/tarentaise-powder--reblochon---ski-freeride-freerando-confort,product,Le meilleur de Sainte-Foy - Tignes Val d&#39;isère - Ski Freeride Freerando,fr
6021adee360e2c93567483df,ITSR12,http://azimut.ski/fr/trips/sejour-ski-de-rando-itinerant-confort-en-vallee-d-aoste---monte-rosa-pizza-pasta-polenta,product,Raid ski de rando en Vallée d&#39;Aoste - Italie,fr
6021bd9a360e2c9356dd264b,FRAL24 ALP074,http://azimut.ski/fr/trips/la-vallee-blanche-en-randonnee-glaciaire,product,Randonnée glaciaire - Vallée Blanche et glaciers mythiques,fr
6022235d360e2c9356a8a659,PAGB01,http://azimut.ski/fr/trips/gravel-bike---voyage-au-pakistan,product,"Pakistan - Route de la Soie / Karakoram Highway (KKH) - Gravel Bike, vélo de route",fr
60222bca360e2c9356d1d4f8,FRAL21 ALP081,http://azimut.ski/fr/trips/ascension-du-mont-blanc-avec-preparation---voie-normale---4-jours,product,Ascension du Mont Blanc avec préparation - Voie Normale - 4 jours,fr
60223b7c360e2c9356276c69,ITAL21 ALP006,http://azimut.ski/fr/trips/objectif-grand-paradis-4061m,product,Objectif Grand Paradis (4061m) - Alpinisme,fr
60225a68360e2c9356c8ebe7,FRSR19,http://azimut.ski/fr/trips/queyras-magique-en-ski-de-randonnee,product,Ambiance bout du monde en Queyras profond - Ski de randonnée,fr
602264b2360e2c9356249711,FRSRPRIV25,http://azimut.ski/fr/trips/deutschmann--weekend-decouverte-du-ski-rando---beaufortain---savoie,product,DEUTSCHMANN- Weekend découverte du ski rando - Beaufortain - Savoie,fr
60226576360e2c93563ae66b,FRVE02,http://azimut.ski/fr/trips/vtt-electrique---le-tour-du-mont-blanc,product,E-bike Raid - Tour du Mont Blanc avec logisticien privé,fr
602265f2360e2c9356492774,FRSR28,http://azimut.ski/en/trips/great-skitour-aravis---ski-touring-all-comfort,product,Great skitour Aravis - ski touring (all comfort),en
602266ad360e2c93565e6346,FRVE01,http://azimut.ski/fr/trips/vtt-electrique-raid---tour-du-queyras,product,E-bike Raid - Tour du Queyras façon Azimut,fr
6022671b360e2c93566ac979,GESF01,http://azimut.ski/fr/trips/georgie---ski-freeride---sud-caucase,product,Georgie - Sud Caucase - Ski freeride,fr
60226c14360e2c935697af79,FRVE03 FRAV14,http://azimut.ski/fr/trips/vtt-electrique---balade-ebike-dans-les-plus-belles-vallees-du-brianconnais,product,VTT Electrique - Balade dans les plus belles vallées du Briançonnais,fr
60226c15360e2c935697b788,FRVE04,http://azimut.ski/fr/trips/vtt-electrique---balade-dans-le-brianconnais,product,VTT Electrique - Week end balade dans le Briançonnais,fr
60226dde360e2c9356a14b71,FRSR27,http://azimut.ski/en/trips/steep-skiing-couloir---cerces,product,Couloirs & slopes in the Cerces mountain range - ski touring,en
60227ddf360e2c9356fbf83b,FRVE09,http://azimut.ski/en/trips/e-biking-enduro-trip---perched-tracks-and-relaxation-around-serre-poncon-lake,product,E-biking Enduro trip - all about perched trails and chilling out around Serre - Poncon Lake,en
6022809a360e2c93560fdea5,FRSR190,http://azimut.ski/fr/trips/,product,Queyras authentique - Ski de randonnée,fr
602288ac360e2c93565780c2,FRAL02,http://azimut.ski/fr/trips/traversee-des-ecrins-randonnee-glaciaire,product,Haute Route des Ecrins - Belle traversée en randonnée glaciaire,fr
6022a139360e2c9356f3b536,ITSF12 ALP057,http://azimut.ski/fr/trips/apprenez-le-ski-freeride---sestriere---italie,product,Découverte du ski freeride - Piémont Italien,fr
6022a1b9360e2c9356f61c57,ITVM02,http://azimut.ski/fr/trips/voyage-vtt-enduro---singletracks-lunaires-sur-l-etna---avec-depose-navettes,product,Voyage VTT Enduro - Singletracks lunaires sur l&#39;Etna - déposes navettes!,fr
6022a1c3360e2c9356f63b18,FRVM10,http://azimut.ski/fr/trips/vtt-enduro---orgie-de-singles-et-shuttles-dans-l-beaufortain---alpes-du-nord,product,VTT Enduro - Orgie de singles et shuttles dans l&#39;Beaufortain - Alpes du Nord,fr
6022b32c360e2c9356793fab,FRSR53,http://azimut.ski/en/trips/domes-de-miage---ski-touring,product,Domes de Miage - Ski Touring,en
6022dbf9360e2c9356613d5e,FRBAM01,http://azimut.ski/fr/trips/sejour-all-mountain-brianconnais,product,VTT - Les Meilleurs Singletracks du Briançonnais,fr
6022e9d8360e2c9356a45665,FRSR14 ALP078,http://azimut.ski/fr/trips/beaufortain-confort---ski-de-randonnee-en-savoie,product,Ski de randonnée dans le Beaufortain - Savoie,fr
60230351360e2c93562e8b62,FRVM05,http://azimut.ski/fr/trips/week-end-enduro-ride-dans-les-ecrins,product,VTT Enduro - Week end Ride dans les Ecrins avec déposes navettes,fr
602307a0360e2c93563dbc71,FRVM11,http://azimut.ski/fr/trips/vtt-enduro---paradis-du-singletracks-sous-le-soleil-du-fameux-diois,product,VTT Enduro - Paradis du singletracks et déposes sur le spot du Diois,fr
6023095a360e2c935643a691,FRSR24,http://azimut.ski/fr/trips/sjour-dcouverte-du-ski-de-rando---chamonix-mont-blanc,product,Weekend découverte du ski de rando - Chamonix Mont Blanc,fr
60231a1c360e2c9356854969,FRVF01,http://azimut.ski/fr/trips/via-ferrata-des-ecrins,product,Via ferrata des Ecrins,fr
60231a8b360e2c9356868a38,CHSF01,http://azimut.ski/en/trips/freeriding-in-chile---south-america,product,Freeriding in Chile - South America,en
60231e71360e2c93568f0d44,FRSR50 ALP039,http://azimut.ski/fr/trips/glaciers-de-chamonix---ski-de-randonnee-freerando,product,Les plus beaux Glaciers de Chamonix - ski de randonnée,fr
602331c7360e2c9356a4976a,FRSF14,http://azimut.ski/fr/trips/week-end-apprendre-le-ski-freeride---grenoble,product,Week-end découverte ski freeride en Belledonne,fr
6023436c360e2c9356b6343f,FRVM07,http://azimut.ski/fr/trips/weekend-vtt-enduro-singletracks-queyras,product,VTT Enduro - Spots Secrets du Queyras et soirées conforts,fr
602343ef360e2c9356b691ed,FRVE04  FRAV15,http://azimut.ski/fr/trips/vtt-electrique---balade-dans-le-brianconnais,product,VTT Electrique - Week end balade dans le Briançonnais,fr
6023ba78360e2c935625f3b6,ITSR07,http://azimut.ski/fr/trips/val-pellice-piemont-secret---ski-de-randonnee-confort,product,"Val Pellice, Piémont secret - Ski de randonnée",fr
6023bda6360e2c93563e3c87,FRVM08,http://azimut.ski/fr/trips/vtt-enduro-facile---initiation-dans-les-alpes-du-sud---avec-deposes-navettes,product,VTT Enduro facile -Stage de maniabilité dans les Ecrins - déposes navettes!,fr
6023c3e5360e2c93566605d9,FRAL01 ALP002,http://azimut.ski/fr/trips/ascension-du-dome-des-ecrins-m,product,Ascension du Dôme des Ecrins (4015m) - Alpinisme,fr
6023c653360e2c93566f6ff8,FRSR15 ALP072,http://azimut.ski/fr/trips/pralognan-paradis-savoyard---sejour-ski-de-randonnee-savoie,product,Ski de randonnée et confort en Vanoise - Savoie,fr
6023cc3f360e2c9356898d5b,ITSF11,http://azimut.ski/fr/trips/madesimo-freeride-trip---ski-freerando---confort,product,Valchiavenna & Livigno Freeride Trip - Ski Freerando - Italie,fr
6023d10b360e2c9356a1bf35,ITSF05,http://azimut.ski/fr/trips/initiation-dans-les-dolomites---ski-freeride-freerando,product,Initiation dans les Dolomites - Ski Freeride freerando,fr
6023d148360e2c9356a23103,FRSF06,http://azimut.ski/en/trips/the-best-of-freeriding-in-aravis-la-clusaz-le-grand-bornand,product,The best of freeriding in Aravis La Clusaz Le grand Bornand,en
6023d3dc360e2c9356a9864a,FRSF10,http://azimut.ski/fr/trips/initiation-ski-freeride-vanoise--3-vallees---savoie---france,product,Initiation ski freeride 3 Vallées - Vanoise - Savoie,fr
6023d505360e2c9356ad1923,SUSF13,http://azimut.ski/en/trips/chamonix---verbier---zermatt---freetour-skiing---confort,product,Freeride skiing trilogy Chamonix - Verbier - Zermatt - All Comfort,en
6023d5c1360e2c9356af9662,ITSF09,http://azimut.ski/fr/trips/spots-freeride-du-val-d-aoste---mont-blanc-italien,product,Ski freeride - Les plus beaux spots du Val d&#39;Aoste - Mont Blanc italien,fr
6023f9ee360e2c9356d21bb1,FRVM09,http://azimut.ski/fr/trips/vtt-enduro---deposes-navettes-singletracks-et-farniente-au-lac-de-serre-poncon,product,"VTT Enduro - Déposes navettes, singles et farniente au lac Serre-Ponçon",fr
6023fa6a360e2c9356d59b44,FRAL04,http://azimut.ski/fr/trips/haute-maurienne-albaron-alpinisme,product,Haute Maurienne : traversée glaciaire hors du temps et sommet de l&#39;Albaron - Alpinisme,fr
602404ba360e2c93562dd1e5,FRVM04,http://azimut.ski/fr/trips/vtt-all-mountain-initiation-dans-le-brianconnais,product,VTT facile -  Initiation dans le Briançonnais,fr
602412e1360e2c93566e7976,ITVE02,http://azimut.ski/fr/trips/voyage-en-vtt-electrique---sur-les-mythiques-singles-des-dolomites,product,E-bike Enduro - Singletracks des Dolomites,fr
60241308360e2c93566ed95b,FRVE06,http://azimut.ski/fr/trips/vtt-electrique-enduro---week-end-singletracks-d-exception---alpes-du-sud,product,E-bike Enduro - Week-end singletracks d&#39;exception - Coeur des Alpes,fr
602413c3360e2c9356728c91,ITVE06,http://azimut.ski/fr/trips/vtt-electrique-enduro---l-incontournable-finale-ligure,product,E-bike Enduro - Finale Ligure et ses spots secrets avec déposes navettes,fr
6024140d360e2c9356730665,ITVE07,http://azimut.ski/fr/trips/vtt-electrique-enduro---itinerance-et-shuttles-dans-les-alpes-ligures,product,"E-bike itinérance - Alpes Ligures à la Mer - hospitalité, confort & singletracks",fr
60242589360e2c93569bdaae,ITSF14,http://azimut.ski/fr/trips/mont-cervin-freeride---cervinia-et-zermatt---ski-freeride-rando,product,Ski Freeride-rando autour du Cervin Matterhorn - Cervinia et Zermatt,fr
602425dc360e2c93569d0846,ITSF10,http://azimut.ski/fr/trips/freerando-itinerant-monterosa---freeride-confort-itinerant,product,Monte Rosa Pizza Pasta Polenta - Freerando confort itinérant,fr
6024264a360e2c93569dff2b,FRSF12,http://azimut.ski/fr/trips/la-grave---week-end-ski-freeride---ski-elite,product,La Grave Couloirs - Week end ski freeride - ski Elite,fr
602427f2360e2c9356a14053,FRVE05,http://azimut.ski/fr/trips/vtt-electrique-enduro---week-end-e-bike-aux-portes-des-ecrins,product,E-bike Enduro Ecrins - Week-end à la Mecque du VTT,fr
60243020360e2c9356bf17b1,SUSF03,http://azimut.ski/fr/trips/zermatt-matterhorn---ski-freeride---ski-elite,product,Zermatt Matterhorn - Ski Freeride - Elite,fr
60243208360e2c9356c4d7e6,ITAL11 ALP011,http://azimut.ski/fr/trips/les-4000-du-mont-rose,product,Les 4000 du Mont Rose - Alpinisme,fr
60243fa0360e2c9356dfd885,CHAL12  ALP008,http://azimut.ski/fr/trips/chamonix---zermatt,product,Les plus belles étapes du Chamonix - Zermatt - Alpinisme,fr
602442c9360e2c9356e739a0,FRAL10,http://azimut.ski/fr/trips/stage-d-initiation-au-coeur-des-glaciers-du-parc-national-de-la-vanoise---alpinisme,product,Stage d&#39;initiation au cœur des glaciers du Parc National de la Vanoise - Alpinisme,fr
60245ca7360e2c935623e3f6,FRSR09,http://azimut.ski/fr/trips/ascension-du-mont-blanc-a-ski-de-rando,product,Ascension du Mont Blanc à ski de rando,fr
602496c7360e2c9356c0afc8,FRBEN02,http://azimut.ski/fr/trips/vtt-electrique-enduro---week-end---spots-secrets-du-queyras,product,VTT Electrique Enduro - Week end - Spots Secrets du Queyras,fr
6024f3de360e2c935640926b,FRALPRIV22,http://azimut.ski/fr/trips/lehmann---ascension-du-mont-blanc-avec-preparation---voie-normale-m----jours,product,LEHMANN - REPORT SUR MONT ROSE 3j- ANNULATION de l&#39;Ascension Mont Blanc 6 jours,fr
6025a88b360e2c935687cf62,KISR01,http://azimut.ski/fr/trips/le-kyrgyzstan--ski-de-randonnee,product,Le Kirgistan à ski de randonnée - au coeur de la chaine des Tien Shan,fr
60261199360e2c9356666dc7,KISR02,http://azimut.ski/fr/trips/le-kyrgyzstan--ski-de-randonnee---arslanbob,product,Le Kirgistan à ski de randonnée dans la chaine de Babash Ata,fr
602642a1360e2c9356edc992,FRSRPRIV19,http://azimut.ski/fr/trips/egal--ambiance-bout-du-monde-en-queyras-profond---ski-de-randonnee-confort,product,EGAL- Ambiance bout du monde en Queyras profond - Ski de randonnée confort,fr
60266a8f360e2c9356c806eb,ITSR08 ALP063,http://azimut.ski/fr/trips/pays-du-viso-val-po---ski-de-randonnee-en-piemont,product,"Pays du Viso, Val Po - Ski de randonnée en Piémont",fr
60271a41360e2c9356d8570b,FRSF43,http://azimut.ski/fr/trips/week-end-mythique-valle-blanche---chamonix-mont-blanc,product,Week-end mythique Vallée Blanche à ski - Chamonix Mont Blanc,fr
60271b9b360e2c9356dd47fb,FRVE10,http://azimut.ski/fr/trips/vtt-electrique-enduro---orgie-de-singles-et-shuttles-dans-lbeaufortain---alpes-du-nord,product,E-bike Enduro - Orgie de singles et shuttles dans l&#39;Beaufortain - Alpes du Nord,fr
602721d4360e2c9356f1e788,FRVE07,http://azimut.ski/fr/trips/e-bike-enduro---la-mecque-de-l-e-bike-au-pays-du-soleil,product,E-bike Enduro - La Mecque de l&#39;E-bike au pays du soleil,fr
6027b01c360e2c9356418075,FREA18,http://azimut.ski/fr/trips/mont-blanc-normale,product,Ascension du Mont Blanc avec préparation - Voie Normale - 4 jours,fr
6027dedc360e2c9356cc7053,ITAL10 ALP077,http://azimut.ski/fr/trips/du-cervin-au-mt-rose---traversee-alpinisme-4554m,product,Du Cervin au Mont Rose - La traversée en alpinisme,fr
6027e40d360e2c9356de9e2d,ITSF13,http://azimut.ski/fr/trips/perfectionnement-ski-freeride-expert---sestriere---italie,product,Retour d&#39;Est Piémont Pure Powder - Ski Freeride - Sestrière - Italie,fr
6028297c360e2c9356799c07,FRSRPRIV29,http://azimut.ski/fr/trips/saillard-cottaz--traversee-unique-des-glaciers-de-la-vanoise-en-ski-de-randonnee,product,SAILLARD-COTTAZ- Traversée unique des glaciers de la Vanoise en ski de randonnée,fr
6028e2b3360e2c9356ce5ce7,MAGB02,http://azimut.ski/fr/trips/maroc---entre-grand-sud-et-desert---gravel-bike-velo-de-route,product,"Maroc - Entre Grand Sud et Désert - Gravel Bike, vélo de route",fr
602953f6360e2c935683bb10,ITVE04,http://azimut.ski/fr/trips/vtt-electrique---stage-ebike-balade-dans-le-magnifique-piemont-italien,product,VTT Electrique - Balade dans le magnifique Piémont Italien,fr
60295a8c360e2c9356b1c779,ITVE03,http://azimut.ski/fr/trips/vtt-electrique---week-end-balade-dans-le-magnifique-piemont-italien,product,VTT Electrique - Week-end balade dans le magnifique Piémont Italien,fr
60297d28360e2c9356d57c63,ITSR02,http://azimut.ski/fr/trips/ortles-glaciers-uniques-du-nord-italie---raid-confort-en-ski-de-randonnee,product,Raid à ski Tyrol Italien - raid confort en ski de randonnée,fr
6029848c360e2c93560f6de1,FRSRPRIV04,http://azimut.ski/fr/trips/murard---dme-des-ecrins-premier----ski-de-randonne,product,Murard - Dôme des Ecrins premier 4000 - ski de randonnée,fr
602a7b08360e2c935668c409,FRSF40,http://azimut.ski/fr/trips/chamonix-best-of--ski-freeride---ski-elite,product,Chamonix best of Ski - Ski Freeride - Elite,fr
602a940a360e2c9356ca9620,FRVM03,http://azimut.ski/fr/trips/vtt---decouverte-des-meilleurs-sentiers-et-initiation-pilotage-vtt,product,VTT facile -Découverte des meilleurs sentiers Briançonnais- confort,fr
602ad2ab360e2c9356c20ba7,FRAL08,http://azimut.ski/en/trips/become-autonom-in-the-mountains-mountaineering,product,Become autonomous - Mountaineering,en
602adea1360e2c935615cb4f,ITVE05,http://azimut.ski/fr/trips/voyage-vtt-electrique---decouverte-de-l-enduro-sur-le-volcan-de-l-etna---sicile,product,"Voyage E-bike - Stage d&#39;initiation en Sicile, mer et volcan - E-bike inclus!",fr
602af8b7360e2c9356bbfeea,FRSRPRIV51,http://azimut.ski/fr/trips/saillard---chamonix---ski-de-randonne,product,Saillard - Chamonix - ski de randonnée,fr
602b2494360e2c93565af92c,ITAL01,http://azimut.ski/fr/trips/grand-paradis--m-alpinisme,product,Grand Paradis (4061m) - Alpinisme,fr
602b9511360e2c935635c58a,NOSRPRIV03,http://azimut.ski/fr/trips/dupasquier--norvege-ski-de-randonnee-dans-les-lofoten,product,"DUPASQUIER- Norvège, ski de randonnée dans les Lofoten",fr
602be395360e2c93560fd260,FRVF02,http://azimut.ski/fr/trips/week-end-via-ferrata-des-ecrins,product,Week-end Via ferrata dans les Ecrins,fr
602be399360e2c93560fe1c3,ITVF01 ALP005,http://azimut.ski/fr/trips/Via-ferrata-Dolomite-Cortina-d-Ampezzo,product,Via Ferrata Dolomites - Cortina d&#39;Ampezzo,fr
602be39f360e2c93560febe6,AUVF01,http://azimut.ski/fr/trips/via-ferrata-dans-le-stubai---le-tyrol-vu-d-en-haut,product,Via ferrata Stubai - Le Tyrol vu d&#39;en haut,fr
602c4870360e2c9356933e8d,IRSR01,http://azimut.ski/fr/trips/iran---zagros-ski-de-randonnee,product,Iran - Zagros ski de randonnée,fr
602cb8b0360e2c935629638d,ITSFPRIV10,http://azimut.ski/en/trips/monterosa-pizza-pasta-polenta---freerando-skiing-from-hut-to-hut---comfort,product,Monterosa Pizza Pasta Polenta - Freerando skiing from hut to hut - Comfort,en
602eb536360e2c9356a3bc5c,FRVE11,http://azimut.ski/fr/trips/e-bike-enduro---sentiers-sandales-et-soleil-dans-le-tres-fameux-diois,product,E-bike Enduro - Clairette et bon vélo sous le soleil Diois,fr
60303b02360e2c9356be224a,ITSF07,http://azimut.ski/fr/trips/week-end-heliski-freeride-a-gressoney-mont-rose---italie,product,Week end Héliski-Freeride à Gressoney Mont Rose - Italie,fr
6033e3cd360e2c9356aba797,ITVF02,http://azimut.ski/fr/trips/Dolomites-Moizza-Civetta-sauvage,product,Via Ferrata Dolomites - Moizza Civetta sauvage,fr
6033ef60360e2c9356d61129,SUSR10,http://azimut.ski/fr/trips/,product,Sommets du Breithorn et Mont Rose - 4454m,fr
6034b9de360e2c9356d92f83,FRSRPRIV01,http://azimut.ski/fr/trips/meillassoux-cottaz---la-grave-et-serre-chevalier--ski-freeride-et-ski-de-rando,product,MEILLASSOUX COTTAZ - La Grave et Serre Chevalier- Ski freeride et Ski de rando,fr
6034f846360e2c9356e7eec2,FRSRPRIV20,http://azimut.ski/fr/trips/weekend-ski-rando-ecrins---freissinieres-confort,product,Weekend ski rando Ecrins - Freissinieres confort,fr
60351ea4360e2c9356d2c759,FRSV01,http://azimut.ski/fr/trips/test-shuttle-guidee-vtt---puy,product,TEST SHUTTLE GUIDEE VTT - PUY,fr
6037c19f360e2c9356a5bc47,FRSV02,http://azimut.ski/fr/trips/les-spots-du-brianonnais-a-la-journee,product,Bike - Journées Shuttle - Enduro,fr
6037cb88360e2c9356d0d0cb,ITSF03,http://azimut.ski/fr/trips/gressoney-mt-rose---ski-freeride---ski-elite,product,Gressoney Mont Rose - Ski Freeride - Ski Elite,fr
603d2f46360e2c9356403255,FRAL25 ALP076,http://azimut.ski/fr/trips/chamonix---decouverte-douce-de-la-haute-montagne,product,Chamonix - Découverte douce de la haute montagne,fr
603e21f4360e2c93564fcfb8,ITSF15,http://azimut.ski/fr/trips/ski-freeride-sestriere---ski-elite,product,Ski freeride Sestriere - ski Elite,fr
603e5ffc360e2c9356473294,ITVF03,http://azimut.ski/fr/trips/selvaggio-blu-l-aventure-integrale,product,"Via ferrata à Selvaggio Blu - Sardaigne, l&#39;aventure intégrale",fr
603e9393360e2c93566e1189,FRSRPRIV09,http://azimut.ski/fr/trips/ginsbach--raid-a-ski-de-rando-en-silvretta---glacier-dautriche,product,GINSBACH- REPORT QUEYRAS,fr
603fb6b1360e2c9356216f99,FRBS01,http://azimut.ski/fr/trips/bike---journees-shuttle---enduro-made-in-hautes-alpes,product,Bike - Journées Shuttle - Enduro made in Hautes-Alpes,fr
6046552d360e2c935619d6a9,FRBS02,http://azimut.ski/fr/trips/les-spots-du-brianonnais-a-la-journee,product,Bike - Journées Shuttle - Enduro made in Hautes-Alpes,fr
604732d4360e2c9356d8559f,FRSRPRIV26,http://azimut.ski/fr/trips/decouverte-du-ski-rando-au-col-dizoard--jours---maiwenn,product,MAIWENN - Découverte du ski rando au Col d&#39;Izoard 2 jours,fr
60484c7e360e2c935645212e,KASF01,http://azimut.ski/fr/trips/ski-freeride-au-kazakhstan,product,Ski Freeride au Kazakhstan,fr
6048f0a3360e2c9356cae3f1,FRVEPRIV07,http://azimut.ski/fr/trips/martine--e-bike-enduro---la-mecque-de-le-bike-au-pays-du-soleil,product,MARTINE- E-bike Enduro au pays du soleil: le Brianconnais,fr
6049e5e1360e2c93566681d5,FRSRPRIV13,http://azimut.ski/fr/trips/bayard---decouverte-du-ski-de-rando---vanoise,product,BAYARD - Découverte du ski de rando - Vanoise,fr
604f4157360e2c9356196a56,ITVE03 ITAV07,http://azimut.ski/fr/trips/vtt-electrique---week-end-balade-dans-le-magnifique-piemont-italien,product,VTT Electrique - Week-end balade dans le magnifique Piémont Italien,fr
604f654e360e2c93566e6fea,FRALPRIV21,http://azimut.ski/fr/trips/loyer-abello--ascension-du-mont-blanc-avec-preparation---voie-normale----jours,product,LOYER ABELLO-  Ascension du Mont Blanc avec préparation - Voie Normale - 5 jours,fr
604f6aa1360e2c9356a1072c,FRSRPRIV10,http://azimut.ski/fr/trips/gastebois--chamonix-et-ascension-du-mont-blanc-a-ski-de-rando,product,GASTEBOIS- Chamonix et Ascension du Mont Blanc à ski de rando,fr
604f8a06360e2c9356c1803f,GESRPRIV02,http://azimut.ski/fr/trips/strohmann---georgie---svanetie-joyau-du-ski-de-rando,product,"STROHMANN - Georgie - Svanetie, joyau du ski de rando",fr
60533379360e2c9356eccb54,ITSRPRIV11,http://azimut.ski/fr/trips/doran--mont-rose-ascension-a-ski-de-randonnee-m,product,DORAN -Mont Rose ascension à ski de randonnée 4563m,fr
6053af3e89fe135ad8ef01fa,FRSRPRIV54,http://azimut.ski/fr/trips/ginsbach--ski-de-randonnee-sur-les-spots-de-chamonix-mont-blanc,product,GINSBACH- Ski de randonnée sur les spots de Chamonix Mont-blanc,fr
6059afc789fe135ad8cc7c02,FRSRPRIV26DELTOUR,http://azimut.ski/fr/trips/decouverte-du-ski-rando-au-col-dizoard,product,Découverte du ski rando au Col d&#39;Izoard,fr
605c6d1f89fe135ad8d975df,ITVM07,http://azimut.ski/fr/trips/vtt-itinerance---alpes-ligures-a-la-mer---hospitalite-confort--singletracks,product,"VTT itinérance - Alpes Ligures à la Mer - hospitalité, confort & singletracks",fr
605fe65589fe135ad8426ecd,FRVTT06,http://azimut.ski/fr/trips/vtt-raid-a-l-attaque-des-cerces,product,VTT Raid - Week end - A l&#39;attaque des Cerces - Clarée,fr
6061d0d789fe135ad80e6cc5,IRSF01,http://azimut.ski/fr/trips/iran-ski-freerando-dans-les-alborz-backcountry-ski-iran,product,Ski freerando dans les Alborz - Iran,fr
60643c5189fe135ad80d0231,FRSR00,http://azimut.ski/fr/trips/sejour-decouverte-ski-de-randonne---chamonix--val-d-aoste,product,Séjour découverte ski de randonnée - Chamonix & Val d&#39;Aoste,fr
6064472e89fe135ad811e4af,FRSRPRIV14,http://azimut.ski/fr/trips/billet--ski-de-randonnee-dans-le-beaufortain---savoie,product,BILLET- Ski de randonnée dans le Beaufortain - Savoie,fr
60676a2889fe135ad841c150,FRBEL03,http://azimut.ski/fr/trips/vtt-electrique-douceurs-du-brianconnais,product,VTT Electrique - Initiation pilotage et Découverte des meilleurs sentiers Briançonnais,fr
606a28d689fe135ad82a1ed4,FRSF008,http://azimut.ski/fr/trips/big-freeride-queyras,product,Big Freeride Queyras,fr
606dcef089fe135ad87018ff,FRRA01 FRA531,http://azimut.ski/fr/trips/cervieres-vallee-sauvage-du-brianonnais-a-pied,product,"Cervières, vallée sauvage du Briançonnais à pied",fr
606dd1c789fe135ad8718220,FRRA02 FRAW70,http://azimut.ski/fr/trips/cervieres-izoard-rando-bistrot,product,"Cervières-Izoard, Rando Bistrot",fr
606dd47689fe135ad872cd66,FRRA03,http://azimut.ski/fr/trips/cervieres-cocktail-d-activites-nature-en-famille,product,"Cervières, cocktail d&#39;activités nature en famille",fr
606e182589fe135ad89038e5,ITSFPRIV13,http://azimut.ski/fr/trips/gian---groupe-priv-ski-freeride-et-rando-secrets-spots-sestrire---italie,product,Gian - Groupe privé Ski Freeride et Rando - spots secrets  Sestrière - Italie,fr
606ef1a589fe135ad8c65f41,ITSRPRIV03,http://azimut.ski/fr/trips/naudet--grand-paradis-a-ski-de-randonnee-m,product,NAUDET- Grand Paradis à ski de randonnée 4061m en amoureux...,fr
6086767f89fe135ad88ee59c,FRVE12,http://azimut.ski/fr/trips/e-bike-raid---la-traversee-des-alpes-des-cimes-a-la-mer,product,"E-Bike raid - La traversée des Alpes, des cimes à la mer",fr
608a5f1889fe135ad807d3d0,FRVE13,http://azimut.ski/fr/trips/e-bike-raid---face-au-mont-blanc,product,E-bike Raid - Face au Mont Blanc,fr
608a8cef89fe135ad81a746b,ITALPRIV21,http://azimut.ski/fr/trips/balian---objectif-grand-paradis-m---alpinisme,product,BALIAN - Objectif Grand Paradis (4061m) - Alpinisme,fr
608abc4689fe135ad82f3a6e,FRSF02,http://azimut.ski/fr/trips/le-powder-trip-en-petit-comite--ski-freeride,product,Le Powder Trip en petit comité- Ski Freeride,fr
608b2b9289fe135ad85f6f0a,FRRA03 FRAF89,http://azimut.ski/fr/trips/cervieres-cocktail-d-activites-nature-en-famille,product,"Cervières, cocktail d&#39;activités nature en famille",fr
608fe6c989fe135ad8237270,FRLIB01,http://azimut.ski/fr/trips/vtt-electrique---liberte---week-end-decouverte-dans-la-vallee-des-fonts,product,VTT Electrique - Liberté - Week End découverte autour de Cervières,fr
60916f3a89fe135ad8d08453,ITSRPRIV10,http://azimut.ski/fr/trips/raid--ski-cervin---mont-rose---zermatt-m,product,Perrier - Raid à ski Cervin - Mont Rose - Zermatt 4563m,fr
6092a77e89fe135ad84dd5d1,FRVE14,http://azimut.ski/fr/trips/journee-decouverte-de-l-e-bike-autour-de-cervieres,product,Journée découverte de l&#39;E-Bike autour de Cervières,fr
6093be5d89fe135ad8c448bf,FRVEPRIV01,http://azimut.ski/fr/trips/lormand--e-bike-raid---tour-du-queyras-faon-azimut,product,LORMAND- E-bike Raid - Tour du Queyras façon Azimut,fr
6093f8b189fe135ad8f6ab27,FRSFCE01,http://azimut.ski/fr/trips/gemalto---meilleurs-spots-serre-chevalier--la-grave---ski-freeride,product,GEMALTO - Weekend La Grave - Ski Freeride,fr
6099019b89fe135ad82c3138,ITALPRIV11,http://azimut.ski/fr/trips/gijs--les--du-mont-rose---alpinisme,product,GIJS- Les 4000 du Mont Rose - Alpinisme,fr
609beb2089fe135ad8733be2,FRVM13,http://azimut.ski/fr/trips/sejour-vtt-all-mountain-brianconnais-ecrins,product,VTT All Mountain- 6 jours de ride dans les Ecrins,fr
609ccf8789fe135ad84a15ac,ITSF99,http://azimut.ski/fr/trips/weekend-fin-de-saison--cervinia---freeride,product,Weekend Fin de Saison : Cervinia - Freeride,fr
609d36bf89fe135ad8d983eb,FRVM12,http://azimut.ski/fr/trips/vtt-all-mountain---jours-de-ride-dans-les-ecrins,product,VTT All Mountain- 3 jours de ride dans les Ecrins,fr
609e9a8089fe135ad876fbbe,FRLIB02,http://azimut.ski/fr/trips/vtt--e-bike---liberte---week-end-de-pur-ride-autour-de-cervieres,product,VTT & E-Bike - Liberté - Week End pur ride autour de Cervières,fr
60a3704289fe135ad8bddfc5,ACCPERSO,http://azimut.ski/fr/trips/acomptes-ffcam-resas-persos-mt-blanc-guides,product,acomptes FFCAM résas persos Mt Blanc guides,fr
60a3843089fe135ad8dbee6b,PASR01,http://azimut.ski/en/trips/ski-touring-in-karakoram---pakistan,product,Ski touring in Karakoram - Pakistan,en
60a3848589fe135ad8dc8741,FRVE09,http://azimut.ski/fr/trips/vtt-electrique-enduro---sentiers-perches-et-farniente-au-lac-de-serre-poncon,product,E-bike Enduro - Sentiers perchés et farniente au lac de Serre-Ponçon,fr
60a399df89fe135ad8ff0cd8,ITAL21 ALP006,http://azimut.ski/en/trips/objectif-grand-paradis-4061m,product,Up to Paradise [Gran Paradiso] (4061 m) - Mountaineering,en
60a3cd9389fe135ad852badf,AUSR02,http://azimut.ski/fr/trips/silvretta-ski-de-rando---raid-confort-en-ski-de-randonnee,product,Raid à ski de rando en Silvretta - Glacier d&#39;autriche,fr
60a3dd6b89fe135ad86b68c3,FRAL21 ALP081,http://azimut.ski/en/trips/ascension-of-mt-blanc-voie-normale-4-days,product,Mont Blanc ascent with preparatory workshop: classic route - 4 days,en
60a3ddc389fe135ad86be7a6,FRAL22 ALP001,http://azimut.ski/en/trips/ascension-of-mt-blanc-with-preparatory-workshop-voie-normale-6-days,product,Mont Blanc ascent with preparatory workshop - classic route - 6 days,en
60a3f38889fe135ad88e70bd,SUSR05,http://azimut.ski/fr/trips/hospice-du-grand-st-bernard---ski-de-randonnee,product,Hospice du Grand St Bernard - Ski de randonnée,fr
60a41d3589fe135ad8d27877,FRAL08,http://azimut.ski/fr/trips/osez-l-autonomie-en-montagne-alpinisme,product,Devenir autonome en montagne - Alpinisme,fr
60a42cbe89fe135ad8eace19,ITVE07,http://azimut.ski/en/trips/e-bike-enduro---bike-safari-and-shuttles-in-ligurian-alps,product,E-bike Enduro - Bike Safari with shuttles in the Ligurian Alps,en
60a452ac89fe135ad80918ae,ITSR04 ALP058,http://azimut.ski/en/trips/Ski-touring--across-the-Dolomites,product,Ski touring across the Dolomites,en
60a4f8bd89fe135ad8a24f8d,GESF01,http://azimut.ski/en/trips/Freeriding-in-Georgia---South-Caucasus,product,Freeride skiing in Georgia - Southern Caucasus,en
60a56ef789fe135ad86ad4ff,CHAL12  ALP008,http://azimut.ski/en/trips/chamonix---zermatt,product,The best parts of the Chamonix - Zermatt route - Mountaineering,en
60a6003089fe135ad8cfaa5e,FRVE02,http://azimut.ski/en/trips/ebiking-around-the-mont-blanc,product,E-Biking around the Mont Blanc,en
60a6435889fe135ad83639bf,FRSF44,http://azimut.ski/fr/trips/week-end--freeride---chamonix-mont-blanc,product,Week-end 100% Freeride - Chamonix Mont Blanc,fr
60a65ae189fe135ad8596ee5,ISSR03,http://azimut.ski/en/trips/trolls--peninsula---ski-touring,product,The mysterious Troll peninsula - Ski touring in Iceland,en
60a662f489fe135ad866d9f6,ITVM07,http://azimut.ski/en/trips/vtt-enduro---bike-safari-with-shuttles-in-the-ligurian-alps,product,VTT Enduro - Bike Safari with shuttles in the Ligurian Alps,en
60a6cae989fe135ad80d8dce,FRSF06,http://azimut.ski/fr/trips/aravis-mont-blanc---freerando,product,Aravis Mont Blanc - Freerando,fr
60acab3c89fe135ad8b5822e,FRVM12,http://azimut.ski/en/trips/mountain-bike---the-best-singletracks-in-serre-chevalier-area,product,Mountain Bike - The best singletracks in Serre Chevalier area,en
60acac0789fe135ad8bbea5e,NOSR01,http://azimut.ski/en/trips/boat-skitouring-norway,product,Ski from the sea in the Lyngen Alps - Norway,en
60ad094689fe135ad853077b,FRSR51 ALP069,http://azimut.ski/en/trips/aiguilles-rouges-chamonix---ski-touring,product,Aiguilles Rouges Chamonix - Ski touring,en
60ad10c489fe135ad85efe2d,FRBS01,http://azimut.ski/en/trips/enduro---bike-shuttle---made-in-hautes-alpes,product,Enduro bike made in Hautes-Alpes - Shuttle up & Ride down - Day trips,en
60ad198189fe135ad86cf17a,FRVEPRIV09,http://azimut.ski/fr/trips/baron---e-bike-enduro---sentiers-perches-et-farniente-au-lac-de-serre-ponon,product,BARON - E-bike Enduro - Sentiers perchés et farniente au lac de Serre-Ponçon,fr
60adb2ad89fe135ad8176c02,ITSF01 ALP040,http://azimut.ski/en/trips/off-piste-gressoney-mt-rose,product,Freeride skitouring in Gressoney & Monte Rosa (comfort),en
60adb99e89fe135ad81a1a0c,FRSR30,http://azimut.ski/en/trips/glaciers-des-ecrins---ski-de-randonnee,product,Ecrins Glaciers Skitour,en
60adf3b989fe135ad8437e23,FRSF03,http://azimut.ski/en/trips/powder-hunt---elite-freeride-skiing,product,Powder hunt - Elite Freeride skiing weekend,en
60ae550689fe135ad8e20a1d,JASF01,http://azimut.ski/fr/trips/skitrip-freeride-freerando-japon-voyage-ski-freeride-japon,product,Skitrip freeride freerando Japon,fr
60ae77f289fe135ad81c5afe,FRGB01,http://azimut.ski/en/trips/crossing-the-alps---gravel-bike-cycling-road,product,"Crossing the Alps - Gravel Bike, Cycling road",en
60ae7fe889fe135ad829b220,POSR01,http://azimut.ski/en/trips/poland---tatras-skitrip-skitouring,product,Poland - Tatras ski touring safari,en
60ae892089fe135ad83884ee,ARSR01,http://azimut.ski/en/trips/armenia-ex-soviet-skitrip,product,Armenian volcano ski trip - the Pearl of the Southern Caucasus,en
60ae892589fe135ad8388d02,ITSR11 ALP036,http://azimut.ski/en/trips/mont-rose-ascension-a-ski-de-randonnee-4563m,product,Mont Rose ascent (4563m) - Ski Touring,en
60ae897c89fe135ad8391b31,FRSR23,http://azimut.ski/en/trips/traversee-des-ecrins-et-dome---ski-de-randonnee,product,Ski touring in the Ecrins - Haute Route & Dôme,en
60ae89b889fe135ad8398271,ITSR16,http://azimut.ski/en/trips/etna--ski-touring---italy-sicily,product,"Ski touring on the Etna volcano - Sicily, Italy",en
60ae8ada89fe135ad83b9db8,KISR01,http://azimut.ski/en/trips/Ski--touring-in-Tien-Shan--Kyrgyzstan,product,Ski touring in the heart of the Tian Shan -  Kyrgyzstan,en
60ae8c7489fe135ad83e4bc8,IRSR01,http://azimut.ski/en/trips/iran---zagros-ski-de-randonnee,product,Iran - Ski Touring in Zagros,en
60ae8cef89fe135ad83f1ba4,JASR01 JAP010,http://azimut.ski/en/trips/japan---ski-touring-on-rishiri-island-and-hokkaido,product,Japan ski dream - ski touring on Rishiri & Hokkaido islands,en
60aeb10689fe135ad880157f,SUSF13,http://azimut.ski/fr/trips/chamonix---verbier---zermatt---ski-freerando---confort,product,Trilogie ski freeride Chamonix - Verbier - Zermatt,fr
60aeb63589fe135ad8882475,ITVM01,http://azimut.ski/en/trips/mtb-enduro-il-famoso-finale-ligure,product,MTB Enduro - Il famoso Finale Ligure - Comfort,en
60af575189fe135ad804fc15,ITVE02,http://azimut.ski/en/trips/e-biking-trip-on-the-dolomites-mythical-singles,product,E-Biking Enduro trip on the Dolomites mythical singles,en
60af608f89fe135ad8141cde,ITVE01 ITAV05,http://azimut.ski/en/trips/discover-the-dolomites-on-an-e-bike,product,E-mountain biking trip in the Dolomites - a beginners course,en
60af8a7f89fe135ad85d604e,FRVM10,http://azimut.ski/en/trips/mtb-enduro---singletracks-orgy-and-shuttles-in-beaufortain---north-french-alps,product,MTB Enduro - singletrack orgy with shuttle drops in the Beaufortain - Northern French Alps,en
60afc46589fe135ad8c4ccea,FRVMPRIV01,http://azimut.ski/fr/trips/vtt-all-mountain---jours-en-etoile-dans-le-queyras,product,VTT All Mountain- 3 jours en étoile dans le Queyras,fr
60b07eb389fe135ad8894405,FRVM07,http://azimut.ski/en/trips/mountain-biking-queyras-france,product,"Enduro MTB - Queyras, a long weekend in mountain biking heaven",en
60b07eeb89fe135ad8898525,FRVE04  FRAV15,http://azimut.ski/en/trips/the-basics-of-mountain-biking-in-serre-chevalier-valley,product,E-mountain biking - The basics in Serre Chevalier Valley,en
60b0c81f89fe135ad8f1981d,ITSF12 ALP057,http://azimut.ski/en/trips/Lets-learn-freeride-skiing---Sestriere---Italy,product,Let&#39;s learn freeride skiing - Piemont- Italy,en
60b0e8a189fe135ad8233785,GESR02,http://azimut.ski/en/trips/georgie---svanetie-a-ski-touring-jewel,product,"Georgia - Svaneti, a ski touring jewel",en
60b0f3dc89fe135ad834e9c4,FRSR53,http://azimut.ski/fr/trips/domes-de-miage---ski-de-randonnee,product,Dômes de Miage - Ski de randonnée sportif,fr
60b228ad89fe135ad86c88fc,FRSR28,http://azimut.ski/fr/trips/grand-ski-dans-les-aravis---ski-de-randonnee,product,Grand ski dans les Aravis - ski de randonnée,fr
60b2389589fe135ad87f9905,ITVE06,http://azimut.ski/en/trips/electric-mtb-enduro---il-famoso-finale-ligure---comfort,product,Electric MTB Enduro - Il famoso Finale Ligure - Comfort,en
60b282e489fe135ad8dc9430,FRVE07,http://azimut.ski/en/trips/ebike-in-enduro-mecca---country-of-the-sun,product,Ebike in enduro mecca - country of the sun,en
60b2864c89fe135ad8e0e003,CHSF01,http://azimut.ski/fr/trips/chili-freerando---ski-freeride,product,Ski Freeride - Freerando dans les Andes - Chili,fr
60b2cf9a89fe135ad8328166,FRSR18 ALP070,http://azimut.ski/en/trips/ascension-du-mont-thabor---vallee-de-la-claree-ski-de-rando,product,Ski Touring - Mt Thabor ascent,en
60b3b71789fe135ad817b779,FRAL03,http://azimut.ski/en/trips/introduction-course-facing-the-dome-des-ecrins--m---mountaineering,product,Introduction course facing the Dôme des Ecrins (4015 m) - Mountaineering,en
60b40b0089fe135ad8a20163,ITAL11 ALP011,http://azimut.ski/en/trips/mont-rose-4000-alpinisme-italie,product,Monte Rosa and its 4000 m summits  - Mountaineering,en
60b4d78689fe135ad881559a,FRSR27,http://azimut.ski/fr/trips/ski-de-couloirs-massif-des-cerces---ski-de-randonnee,product,Ski de couloirs Massif des Cerces - ski de randonnée,fr
60b4ef9f89fe135ad8b2169d,PAGB01,http://azimut.ski/en/trips/gravel-bike---cycling-trip-in-pakistan,product,Pakistan the best of  Silk road Gravel Bike - road bike trip on karakoram highway,en
60b55d5189fe135ad891ab3f,SUSR03,http://azimut.ski/en/trips/saas-fee--express---ski-touring,product,Saas Fee 4000 Express - Ski Touring - Switzerland,en
60b6534589fe135ad8da743b,ITVE03 ITAV07,http://azimut.ski/en/trips/electric-bike--a-week-end-to-learn-to-pilot-your-bike-in-beautiful-italian-piedmont,product,E-mountain bike - a week-end to learn to pilot your bike in the magnificent Italian Piedmont,en
60b922e1626ee634ea6b9731,FRSR19,http://azimut.ski/en/trips/genuine-queyras---ski-touring,product,Genuine Queyras - ski touring,en
60b944e2626ee634ea881f1c,FRALPRIV03,http://azimut.ski/fr/trips/pierrat---stage-d-initiation-face-au-dome-des-ecrins-m---alpinisme,product,PIERRAT - Stage d&#39;initiation face au Dôme des Ecrins (4015m) - Alpinisme,fr
60b95520626ee634ea957b84,FRSR10 ALP021,http://azimut.ski/en/trips/chamonix-et-ascension-du-mont-blanc--ski-de-rando,product,Chamonix and Mont Blanc Ascent - Ski Touring,en
60b981d5626ee634eabbc159,AUSR01,http://azimut.ski/fr/trips/tyrol-autrichien-ski-de-rando---sejour-ski-de-randonnee,product,Tyrol Autrichien Ski de rando - Séjour Ski de randonnée,fr
60ba2d90e2f187b2f3ab8be9,FRVEPRIV04,http://azimut.ski/fr/trips/le-bovic---vtt-electrique---week-end-balade-dans-le-brianonnais-et-le-queyras,product,LE BOVIC - VTT Electrique - Week end balade dans le Briançonnais et le Queyras,fr
60ba66f5e2f187b2f339cc6f,FRVE05,http://azimut.ski/en/trips/electric-bike-enduro--easy-week-end-at-the-gates-to-ecrin,product,E-bike Enduro Ecrins - an easy-going weekend in mountain biker&#39;s paradise,en
60ba7e48e2f187b2f3955f44,ITAL01,http://azimut.ski/en/trips/grand-paradis--m-alpinism,product,Gran Paradiso (4061 m) - Mountaineering,en
60ba8ae9e2f187b2f3cc32c8,ITAL10 ALP077,http://azimut.ski/en/trips/Crossing-over-mountains-Cervin-to-Mt-Rose,product,An alpine crossing from the Matterhorn to the Monte Rosa,en
60ba8b21e2f187b2f3cd14b0,ITVF01 ALP005,http://azimut.ski/en/trips/Via-ferrata-Dolomites-Cortina-d-Ampezzo,product,Dolo&#39;mythic via ferratas - Cortina d&#39;Ampezzo,en
60bb66f3e2f187b2f3df1c9f,FRVC01,http://azimut.ski/fr/trips/Via-Cordata-Vercors-Sauvage,product,Via Cordata - Vercors Sauvage,fr
60bb7012e2f187b2f3fe8b8a,FRAL23  ALP060,http://azimut.ski/en/trips/objectif--the-domes-de-miage,product,Climb the Dômes de Miage - Mountaineering,en
60bba735e2f187b2f3b46f71,MAGB02,http://azimut.ski/en/trips/morocco---between-south-and-desert---gravel-bike-cycling-trip,product,"Morocco - Between South and Desert - Gravel Bike, cycling trip",en
60bc8b36e2f187b2f391f371,FRAL02,http://azimut.ski/en/trips/glacier-walk-ecrins-france,product,Glacier walking - the Ecrins Haute Route,en
60bd0402e2f187b2f313729b,ITSR08 ALP063,http://azimut.ski/en/trips/pays-du-viso-val-po---ski-de-randonnee-en-piemont,product,Mount Viso & Val Po - Ski Touring,en
60bd049be2f187b2f315717e,FRVM06,http://azimut.ski/en/trips/mountain-biking-enduro-ecrins-france,product,MTB in enduro mecca - the Ecrins foothills,en
60bf2cf3e2f187b2f37937a3,MASR01,http://azimut.ski/en/trips/ski-touring-ski-touring-in-the-high-atlas-morocco,product,"Ski touring, ski touring in the High Atlas - Maroc",en
60bf3130e2f187b2f3877c06,ITSR10,http://azimut.ski/en/trips/raid-a-ski-cervin---mont-rose---zermatt-4563m,product,Ski touring the Matterhorn - Monterosa - Zermatt (4563 m) Haute Route,en
60bf46aae2f187b2f3cc255f,FRSR03 ALP080,http://azimut.ski/en/trips/stage-ski-randonnee-ubaye-sauvage-sejour-ski-a-ski-de-rando-de-randonnee,product,Ubaye ski touring - a gem in the Southern Alps,en
60bf49fde2f187b2f3d70001,FRSR29,http://azimut.ski/en/trips/ski-tour-vanoise-haute-route,product,Ski tour Vanoise haute-route,en
60bf4babe2f187b2f3dc5de3,FRSR15 ALP072,http://azimut.ski/en/trips/pralognan-paradis-savoyard---sejour-ski-de-randonnee-savoie,product,"Ski touring and comfort in Vanoise, Savoie",en
60bfc51de2f187b2f34b84b6,FRVE06,http://azimut.ski/en/trips/electric-bike-enduro---a-week-end-on-mental-singletracks---south-alps,product,E-bike Enduro - a short break on the ultimate singletracks - in the sunny French Alps,en
60bfc5cae2f187b2f34ddefd,FRVE10,http://azimut.ski/en/trips/e-bike-enduro---singletracks-orgy-and-shuttles-in-beaufortain---north-french-alps,product,E-bike Enduro - singletrail orgy with shuttles in the Beaufortain - Northern French Alps,en
60bfd377e2f187b2f37b4d84,FRVE01,http://azimut.ski/en/trips/mountain-bike-tour---around-the-queyras,product,E-Mountain Biking Safari - Queyras,en
60c0cf9ce2f187b2f38e6aa6,FRALPRIV23,http://azimut.ski/fr/trips/damien---objectif-les-domes-de-miage---alpinisme,product,LUCAS - Objectif les Dômes de Miage  - Alpinisme,fr
60c1cd02e2f187b2f35f56ea,FRSF02,http://azimut.ski/en/trips/the-powder-trip---elite-freeride-skiing,product,The Powder Trip - Elite Freeride skiing,en
60c1ed8ae2f187b2f3a7cc59,ITSR03 ALP035,http://azimut.ski/en/trips/grand-paradis-a-ski-de-randonnee-4061m,product,Gran Paradiso (4061 m) - Ski touring,en
60c1ee14e2f187b2f3a9210c,FRSR09,http://azimut.ski/en/trips/ascension-du-mont-blanc-a-ski-de-rando,product,Mont Blanc Ascent - Ski Touring,en
60c45089e2f187b2f393444e,FRAL31,http://azimut.ski/en/trips/mont-blanc-ascent-with-preparatory-workshopitalian-side---days,product,Mont Blanc ascent with preparatory workshop:Italian side- 4 days,en
60c48641e2f187b2f3f348b8,ISSR02,http://azimut.ski/en/trips/fjords-sauvages-islande---ski-de-randonnee,product,Ski touring in Iceland&#39;s Western fjords,en
60c6570fe2f187b2f319e2db,FRSR17 ALP071,http://azimut.ski/en/trips/itinerance-vallee-de-la-claree---ski-de-rando,product,Clarée Valley Tour - Intermediate Ski Touring,en
60c90f6fe2f187b2f33b499f,ITSR09 ALP079,http://azimut.ski/en/trips/offpiste-val-devero-italy,product,Ski touring - Val Devero  - Italy,en
60c9bdf8e2f187b2f3150e83,FRVM05,http://azimut.ski/en/trips/enduro-week-end-in-ecrins,product,MTB Enduro - Weekend Enduro essentials in Serre Chevalier Valley,en
60c9db50e2f187b2f353fea6,FRVM11,http://azimut.ski/en/trips/biking-enduro-trip--paradise-singletracks-and-sun-in-the-famous-diois,product,Enduro Bike trip - Singletrail paradise under the sun of the famous Diois,en
60cb9a91e2f187b2f310be39,FRALPRIV22,http://azimut.ski/en/trips/mont-blanc-ascent-with-preparatory-workshop---classic-route----days,product,Mont Blanc ascent with preparatory workshop - classic route - 6 days,en
60cd23ece2f187b2f32aec42,ITSF09,http://azimut.ski/en/trips/Freeride-spots-in-Val-d-Aoste---Mont-Blanc-in-Italy,product,Freeride skiing in Val d&#39;Aoste - Mont Blanc - Italy,en
60cdffcae2f187b2f364b856,ITSF11,http://azimut.ski/en/trips/Freeride-in-Madesimo,product,Freeride & freerando in Livigno and Valchiavenna- Italy,en
60cf9809e2f187b2f35b1501,KISF01,http://azimut.ski/en/trips/freeride-skiing-in-kyrgyzstan,product,Freeride skiing in Kyrgyzstan - Tien Shan,en
60d0c5d9e2f187b2f38a6001,FRVM02,http://azimut.ski/en/trips/mtb-tour-mont-blanc,product,Mountain Bike around legendary Mont Blanc - logistics included,en
60d14152e2f187b2f36c01f8,SUSR20,http://azimut.ski/en/trips/Haute-route-Chamonix-Zermatt-ski-touring,product,Haute-route Chamonix Zermatt ski touring,en
60d14355e2f187b2f36d3d65,FRSF12,http://azimut.ski/en/trips/la-grave---week-end-ski-freeride---ski-elite,product,La Grave Couloirs - Freeride skiing weekend - Elite,en
60d3590ee2f187b2f3759eac,ITSF04,http://azimut.ski/en/trips/Dolomites-skitrip-Ski-Freeride,product,Freerando & freeride skiing in the Dolomites,en
60d440aae2f187b2f3e77a50,FRSR26 ALP042,http://azimut.ski/en/trips/skitouring-discovering-frenchalps,product,Discover ski touring in the French Alps,en
60d4414fe2f187b2f3e90c20,FRSR60,http://azimut.ski/en/trips/discover-ski-touring-in-the-french-alps,product,Discover ski touring in the French Alps,en
60d451c4e2f187b2f30f9a86,FRVM04,http://azimut.ski/en/trips/mtb-introduction-around-briancon-serre-chevalier,product,The basics of Mountain Biking in Serre Chevalier Valley,en
60d5c60ae2f187b2f3c34b31,ITSFPRIV10,http://azimut.ski/fr/trips/black-crows---freerando-cervin-monte-rosa,product,Black crows - Freerando Cervin Monte Rosa,fr
60d5c645e2f187b2f3c3d70f,FRVM03,http://azimut.ski/en/trips/mtb---serre-chevalier-valley---discover-the-best-trails-and-learn-to-pilot-your-bike,product,Discover the best mountain bike trails and learn to pilot your bike in Serre Chevalier Valley,en
60d5e8ede2f187b2f3177b5d,FRVM01,http://azimut.ski/en/trips/mountain-biking-tour-queyras,product,Mountain Biking safari around the Queyras,en
60d8b0e1e2f187b2f326f4c6,FRAL24 ALP074,http://azimut.ski/en/trips/hiking-the--vallee-blanche--glacier,product,Glacier hiking - the Vallée Blanche - Chamonix,en
60d9d61ce2f187b2f34fb439,ITSR01 ALP031,http://azimut.ski/en/trips/skitouring-val-maira-italy,product,The secrets of the Val Maira - ski touring (all comfort),en
60d9dab2e2f187b2f35b4b67,FRSR04,http://azimut.ski/en/trips/dome-des-ecrins-premier-4000---ski-de-randonnee,product,Dôme des Ecrins 4000 m - Ski Touring,en
60db1fe6e2f187b2f3c75b91,FRSRCE17,http://azimut.ski/fr/trips/ce-safran---traversee-de-la-vanoise---ski-de-rando,product,CE Safran - Traversée de la Vanoise - Ski de rando,fr
60db2922e2f187b2f3e0189b,FRSR50 ALP039,http://azimut.ski/en/trips/glaciers-de-chamonix---ski-de-randonnee-freerando,product,Chamonix Glaciers Tour - the Best Of - Ski touring,en
60db4e83e2f187b2f342500f,ITVE05,http://azimut.ski/en/trips/e-bike-trip---introduction-to-enduro-on-etna-volcano,product,E-mountain bike trip - Try Enduro on the Etna volcano - E-bike included !,en
60ded991e2f187b2f3c13c3e,FRSR01 ALP028,http://azimut.ski/en/trips/trip-ski-touring-discovering-la-grave-serre-chevalier,product,Discover the art of ski touring - La Grave & Serre Chevalier,en
60e215e2e2f187b2f39fb611,FRSR20,http://azimut.ski/en/trips/beaufortain---ski-touring-in-savoie-french-alps---all-comfort,product,"Intro to ski touring in the Beaufortain, Savoie (French Alps)",en
60e45336e2f187b2f3a0b87c,FRSFPRIV05,http://azimut.ski/fr/trips/hodgson--meilleurs-spots-ski-freeride---ecrins---serre-chevalier--la-grave,product,HODGSON- Meilleurs spots ski freeride - Ecrins - Serre Chevalier- La Grave,fr
60e5c033e2f187b2f3289339,ITSRPRIV04,http://azimut.ski/fr/trips/captain-wild--traversee-des-dolomites---ski-de-randonnee,product,CAPTAIN WILD- Traversée des Dolomites - Ski de randonnée,fr
60e688dde2f187b2f3b8c376,ITSF14,http://azimut.ski/en/trips/mont-cervin-freeride---cervinia-and-zermatt-ski-freeride,product,"Matterhorn, Cervinia & Zermatt - Freeride & Freerando skiing",en
60e833bfe2f187b2f39e8832,FRVM09,http://azimut.ski/en/trips/mtb-enduro---big-singletracks-and-farniente-around-serre-poncon-lake,product,"MTB Enduro - Of singletracks, shuttles and chilling out around Serre-Ponçon Lake",en
60e919ede2f187b2f35fc8e6,FRSRPRIV17,http://azimut.ski/fr/trips/bourgeus--raid-ski-de-rando-en-vallee-daoste---italie,product,BOURGEUS- REPORT CLAREE 2020,fr
60e9db3ce2f187b2f3d7110a,FRVM13,http://azimut.ski/en/trips/mountain-biking-serre-chevalier,product,Mountain Bike - The best singletracks in Serre Chevalier area,en
60ec8357e2f187b2f322faa5,MAGB01,http://azimut.ski/en/trips/morocco---trip-in-the-atlas-mountain---gravel-bike-cycling-trip,product,"Morocco - Trip in the Atlas mountain - Gravel Bike, cycling trip",en
60ef6252e2f187b2f30b0404,FRAL10,http://azimut.ski/en/trips/glaciers-of-maurienne-albaron---mountaineering,product,Glaciers of Maurienne: Albaron - mountaineering,en
60f294d9e2f187b2f3aa5b14,ITALPRIV11,http://azimut.ski/en/trips/monte-rosa-and-its--m-summits---mountaineering,product,Monte Rosa and its 4000 m summits  - Mountaineering,en
60f2c60ce2f187b2f3f06dcf,FRAL04,http://azimut.ski/en/trips/haute-maurienne-albaron-alpinisme,product,Glaciers of Maurienne: Albaron - mountaineering,en
60f4e69fe2f187b2f345acde,FRSF07,http://azimut.ski/fr/trips/week-end-decouverte-ski-freeride-en-maurienne,product,Week end découverte ski Freeride en Maurienne,fr
60f58f30e2f187b2f31ac043,ITVM02,http://azimut.ski/en/trips/enduro-bike-trip---crazy-singletracks-on-etna-volcano--shuttle-drop-off,product,Enduro bike trip - Crazy singletracks on Etna volcano - Shuttle drop off!,en
60f6d7cee2f187b2f3aa2874,FRAL06,http://azimut.ski/fr/trips/pelvoux-ailefroide-perfectionnement-alpinisme,product,Perfectionnement alpinisme - Pelvoux et Ailefroide,fr
60f81987e2f187b2f3310fd1,ITVMPRIV01,http://azimut.ski/fr/trips/dogneton--vtt-enduro---finale-ligure-et-ses-spots-secrets,product,DOGNETON- VTT Enduro - Finale Ligure et ses spots secrets,fr
60f9535ae2f187b2f38179a7,FRVM08,http://azimut.ski/en/trips/mountain-bike---easy-enduro-in-south-french-alps--with-shuttle-drop-off,product,Mountain Bike - Easy enduro session in the Southern French Alps- shuttle drops approved !,en
60fb6e15e2f187b2f3e894d7,ITSR07,http://azimut.ski/en/trips/val-pellice-piemont-secret---ski-de-randonnee-confort,product,"Val Pellice - Italy, a Piedmont secret -  ski touring",en
60fc30c4e2f187b2f3ad253a,FRSF41,http://azimut.ski/en/trips/freeride-beginners-course---chamonix-mont-blanc,product,Weekend freerando - beginners&#39; course - Chamonix Mont blanc,en
60fc5bb6e2f187b2f3e2b0ad,FRVE03 FRAV14,http://azimut.ski/en/trips/electric-bike--discover-the-best-trails-and-learn-to-pilot-your-bike-in-serre-chevalier-valley,product,E-mountain biking - Discover the best spots of Serre Chevalier Valley,en
60feb6f9e2f187b2f37d11a2,ITSF07,http://azimut.ski/en/trips/Heli-skiing-weekend-in-Gressoney-Italy,product,"Heli-skiing weekend in Gressoney, Italy",en
610110c1e2f187b2f3020935,FRSF14,http://azimut.ski/en/trips/Freeride-Beginners-course--a-weekend-near-Grenoble,product,Freeride weekend in Belledonne - beginners,en
61019cf2e2f187b2f3f37463,NOSR03 NOR069,http://azimut.ski/en/trips/norvege-ski-de-randonnee-dans-les-lofoten,product,From sea to summit & summit to sea - ski touring in the Lofoten - Norway,en
6104116ce2f187b2f348e549,KISFPRIV01,http://azimut.ski/fr/trips/archiride---ski-freeride-au-kirgistan-dans-la-chaine-des-tien-shan,product,ARCHIRIDE - Ski Freeride au Kirgistan dans la chaine des Tien Shan,fr
61099891e2f187b2f300ea70,ITSR05,http://azimut.ski/en/trips/ski-touring-in-the-dolomites,product,Ski touring in the Dolomites - Day trips - Comfort,en
610998d1e2f187b2f301d85d,FRSR25,http://azimut.ski/en/trips/discover-ski-touring-in-the-french-alps---areches-beaufort,product,Discover ski touring in the French Alps - Areches beaufort,en
610998e1e2f187b2f30215a2,FRSR54,http://azimut.ski/en/trips/discover-ski-touring---chamonix-mont-blanc---comfort,product,Ski touring basics - Comfort - Chamonix Mont Blanc,en
610998e9e2f187b2f3023260,FRSR52,http://azimut.ski/en/trips/discover-ski-touring---chamonix-mont-blanc,product,Discover ski touring - Chamonix Mont blanc,en
610998f1e2f187b2f3024c72,KISR02,http://azimut.ski/en/trips/kirghizstan-ski-touring-arslanbob,product,Ski touring trip in Kyrgyzstan - Babash Ata,en
61099901e2f187b2f3028e11,ITSR17,http://azimut.ski/en/trips/ski-touring---sestriere---italy,product,Ski Touring - Sestriere - Italy,en
61099925e2f187b2f30323d3,FRSR14 ALP078,http://azimut.ski/en/trips/beaufortin-confort---ski-touring-in-savoie,product,Beaufortain - Ski touring in Savoie (French Alps),en
6109997de2f187b2f3042879,FRSR22,http://azimut.ski/en/trips/tour-de-la-meije---ski-touring,product,Ski touring around the Meije,en
61099991e2f187b2f3045b61,FRF01,http://azimut.ski/en/trips/formation-scurit-neige-et-avalanches,product,Avalanche & snow safety training,en
610999e1e2f187b2f305981a,FRSR11 ALP032,http://azimut.ski/en/trips/glaciers-de-haute-maurienne---ski-de-randonnee,product,Haute Maurienne Glaciers - Ski Touring,en
61099aa9e2f187b2f308edd4,FRSR13,http://azimut.ski/en/trips/weekend-skitouring-vanoise-savoie-france,product,A short break to discover ski touring - a weekend in Vanoise (Savoie),en
61099ad3e2f187b2f309aa0e,TUSR01,http://azimut.ski/en/trips/ski-touring-in-the-taurus-turkey,product,Ski touring in the Taurus - Turkey,en
610e613fe2f187b2f3ac325d,FRSF10,http://azimut.ski/en/trips/lets-learn-freeride-skiing---vanoise-french-alps,product,Let&#39;s learn freeride skiing - Vanoise French alps,en
610e615de2f187b2f3ac7df5,FRSF08,http://azimut.ski/en/trips/beginner-ski-freeride-trip-in-queyras,product,Beginner Ski Freeride trip in Queyras,en
610e618ee2f187b2f3acff16,FRSF11,http://azimut.ski/en/trips/Tarentaise-Powder--Reblochon---Ski-Freeride-COMFORT,product,Tarentaise Powder & Reblochon - Ski Freeride,en
610e6195e2f187b2f3ad11c9,FRSF09,http://azimut.ski/en/trips/Freeriding-Savoies-secret-spots,product,Freeride skiing - Savoie&#39;s hidden gems,en
610e61aae2f187b2f3ad4912,ITSF05,http://azimut.ski/en/trips/beginners-freerando--freeride-skiing-in-the-dolomites,product,Beginners Freerando & freeride skiing in the Dolomites,en
610e61b8e2f187b2f3ad7216,FRSF05,http://azimut.ski/en/trips/Best-freeriding-spots-in-La-Grave-Ecrins-Piemont,product,"The best of freeriding in La Grave, Piémont & the Ecrins",en
61151fa5e2f187b2f3401a94,FRSFPRIV43,http://azimut.ski/fr/trips/test-pascal-chamonix,product,Test Pascal Chamonix,fr
611cd26ae2f187b2f3dd59f9,FRAL25 ALP076,http://azimut.ski/en/trips/chamonix-discover-high-mountain,product,Chamonix - live it [high] up: a gentle introduction to high altitudes & mountaineering,en
611fc689e2f187b2f358362e,KIGB01,http://azimut.ski/en/trips/gravel-bike---cycling-trip-in-kirghizstan,product,Gravel Bike - Cycling trip in Kirghizstan,en
61237614e2f187b2f3d80d69,ITVE04,http://azimut.ski/en/trips/electric-bike--learn-to-pilot-your-bike-in-beautiful-italian-piedmont,product,E-mountain biking - learn to pilot your bike in the beautiful Italian Piedmont,en
612399a3e2f187b2f336547a,FRALTAV22 ALPS08,http://azimut.ski/en/trips/mont-blanc-ascent-with-preparatory-workshop---classic-route----days,product,Mont Blanc ascent with preparatory workshop - classic route - 6 days,en
612dd5f83901fe6ce22fcff6,ITVMPRIV01,http://azimut.ski/en/trips/dogneton--mtb-enduro---il-famoso-finale-ligure---comfort,product,DOGNETON- MTB Enduro - Il famoso Finale Ligure - Comfort,en
613628753901fe6ce20962fa,ITALPRIV10,http://azimut.ski/en/trips/explore-share--days-to-monterosa-trip-an-alpine-traverse,product,Explore Share: 6 days to Monterosa trip: an alpine traverse,en
613789a33901fe6ce29eefc7,FRSR16,http://azimut.ski/fr/trips/raid-dans-la-vallee-de-la-claree---ski-de-rando,product,Raid dans la Vallée de la Clarée - Ski de rando,fr
613793493901fe6ce2b7e9e9,ITSF16,http://azimut.ski/fr/trips/week-end-decouverte-du-ski-freeride---piemont-italien,product,Week-end découverte du ski freeride - Piémont Italien,fr
6138e1e23901fe6ce22a8277,ITSR06,http://azimut.ski/fr/trips/les-ecrins-et-le-piemont-italien-en-etoile---ski-de-randonnee,product,Merveilles des Ecrins et du Piémont Italien - Ski de randonnée en étoile,fr
6139bd883901fe6ce277a262,SUSRPRIV05,http://azimut.ski/fr/trips/evrard---hospice-du-grand-st-bernard---ski-de-randonnee,product,EVRARD - Hospice du Grand St Bernard - Ski de randonnée,fr
6139c7083901fe6ce28ebb5c,FRLIB01,http://azimut.ski/en/trips/e-mountain-biking---freedom---a-discover-week-end-into-the-fonts-valley,product,E-mountain biking - Freedom - a discover week-end around Cervieres,en
613f2025154dbff96f95b5c9,ITSFPRIV04,http://azimut.ski/fr/trips/peysson--dolomites-skitrip---ski-freeride-freerando,product,PEYSSON- Dolomites skitrip - Ski Freeride freerando,fr
6140a75a1868a44a21b7658f,FRSR16,http://azimut.ski/en/trips/claree-valley-tour---expert-ski-touring,product,Clarée Valley Tour - Expert Ski Touring,en
6142164e1868a44a212c3780,SUSRPRIV03,http://azimut.ski/fr/trips/avazeri--les--de-saas-fee-en-ski-de-randonnee---suisse,product,AVAZERI- Les 4000 de Saas Fee en ski de randonnée - Suisse,fr
61421c791868a44a2139fa49,ITSFPRIV01,http://azimut.ski/fr/trips/bourgeus---gressoney---mont-rose---ski-freeride-rando,product,BOURGEUS - Gressoney - Mont Rose - Ski Freeride rando,fr
61421ed11868a44a213ecb24,FRSRPRIV17 ALP071,http://azimut.ski/fr/trips/bourgeus---itinerance-vallee-de-la-claree---ski-de-rando,product,BOURGEUS - Itinérance vallée de la Clarée - Ski de rando,fr
6145d60293c18a2af67df22f,ITSF06,http://azimut.ski/fr/trips/week-end-heliski-freeride-a-sestriere---italie,product,Week end Héliski Freeride à Sestrière - Italie,fr
614b7a128e56d84b103696ca,FRSFPRIV11,http://azimut.ski/fr/trips/huvelin---tarentaise-powder--reblochon---ski-freeride-freerando-confort,product,Huvelin - Tarentaise Powder & Reblochon - Ski Freeride Freerando CONFORT,fr
614b7a488e56d84b1036f6e8,FRSFPRIV08,http://azimut.ski/fr/trips/huvelin---big-freeride-queyras,product,Huvelin - Big Freeride Queyras,fr
6154c07d8e56d84b106eef6e,FRSR25  ALP082,http://azimut.ski/fr/trips/weekend-decouverte-ski-rando-savoie-beaufortain---initiation-ski-rando,product,Weekend découverte du ski rando confort - Beaufortain - Savoie,fr
615567d48e56d84b102785fe,FRSR54  ALP083,http://azimut.ski/fr/trips/sejour-decouverte-ski-de-randonnee---chamonix-mont-blanc---formule-confort,product,Séjour découverte ski de randonnée confort - Chamonix Mont-blanc,fr
615706df8e56d84b10090555,FRSFPRIV02,http://azimut.ski/fr/trips/huvelin---le-powder-trip---ski-freeride,product,HUVELIN - Le Powder Trip - Ski Freeride,fr
616000c78e56d84b10e3927b,FRSFPRIV41,http://azimut.ski/fr/trips/week-end-initiation-ski-freerando---chamonix-mont-blanc,product,SCHALLER - Week-end initiation ski freerando - Chamonix Mont Blanc,fr
616009748e56d84b10f74b7b,ITSFPRIV12,http://azimut.ski/fr/trips/crunelle--decouverte-du-ski-freeride---piemont-italien,product,CRUNELLE- Découverte du ski freeride - Piémont Italien,fr
61643731c7c0380d7884e265,FRSR25  ALP082,http://azimut.ski/en/trips/discover-ski-touring-in-the-french-alps---areches-beaufort,product,Discover ski touring in the French Alps - Areches beaufort,en
61643761c7c0380d78856443,ITSR06,http://azimut.ski/en/trips/french-ecrins-and-italian-piedmont--comfort---ski-touring,product,French Ecrins and Italian Piedmont -comfort - ski touring,en
616559a9c7c0380d7895aa31,FRRA04,http://azimut.ski/fr/trips/au-pays-de-la-meije---un-jour-un-lac,product,"Au pays de la Meije - un jour, un lac",fr
616f24d4c7c0380d78a3078b,FRSRPRIV28,http://azimut.ski/fr/trips/billet--grand-ski-dans-les-aravis---ski-de-randonnee,product,BILLET- Grand ski dans les Aravis - ski de randonnée,fr
61711ecbc7c0380d7865138e,FRSRPRIV11,http://azimut.ski/fr/trips/savoyen--glaciers-de-haute-maurienne---ski-de-randonnee,product,SAVOYEN- Glaciers de Haute Maurienne - Ski de randonnée,fr
6173e738c7c0380d78e808a8,ITSF13,http://azimut.ski/en/trips/perfectionnement-ski-freeride-expert---sestriere---italy,product,Piemonte ski freeride - Sestriere - Italie,en
6174052fc7c0380d782ff77e,FRSR54  ALP083,http://azimut.ski/en/trips/discover-ski-touring---chamonix-mont-blanc---comfort,product,Ski touring basics - Comfort - Chamonix Mont Blanc,en
61845c6b8583af6aaba341a5,FRSR00,http://azimut.ski/en/trips/dicover-ski-touring---chamonix--aosta-valley,product,Discover ski touring - Chamonix & Aosta Valley,en
618a8a618583af6aab7e0824,ITSFPRIV01,http://azimut.ski/en/trips/bourgeus---freeride-skitouring-in-gressoney--monte-rosa-comfort,product,BOURGEUS - Freeride skitouring in Gressoney & Monte Rosa (comfort),en
618b4c4e8583af6aaba8e417,FRVF02,http://azimut.ski/en/trips/week-end--via-ferrata-in-the-ecrins---southern-alps,product,Week-end -Via ferrata in the Ecrins - Southern Alps,en
619909958583af6aabbc28f6,FRVM15,http://azimut.ski/fr/trips/vtt-enduro---week-end-travail-ta-technique-dans-les-ecrins---deposes-navettes,product,VTT Enduro - Week end Travaille ta technique dans les Ecrins - déposes navettes!,fr
619f3d5b8583af6aab97c523,JAPSFPRIV01,http://azimut.ski/fr/trips/archiride---skitrip-freeride-freerando-japon,product,ARCHIRIDE - Skitrip freeride freerando Japon,fr
619f8fdd8583af6aabf930a4,FRSFPRIV05,http://azimut.ski/en/trips/hodgson--the-best-of-freeriding-in-la-grave--serre-chevalier,product,HODGSON- The best of freeriding in La Grave & Serre Chevalier,en
61a50f9b8583af6aab3c26eb,ITSF16,http://azimut.ski/en/trips/lets-learn-freeride-skiing---piemont--italy,product,Let&#39;s learn freeride skiing - Piemont- Italy,en
61a7568d8583af6aabecef75,FRSFPRIV03,http://azimut.ski/fr/trips/teissier---weekend-chasseur-de-poudre---ski-freeride,product,TEISSIER - Gros weekend Chasseur de Poudre - Ski Freeride,fr
61aa34e78583af6aab7e6a54,FRSR52  ALP083,http://azimut.ski/fr/trips/sejour-decouverte-ski-de-randonnee---chamonix-mont-blanc,product,Séjour découverte ski de randonnée - Chamonix Mont-blanc,fr
