product_id,url,category,ref
60b944e2626ee634ea881f1c,http://azimut.ski/fr/trips/pierrat---stage-d-initiation-face-au-dome-des-ecrins-m---alpinisme,AL,FRALPRIV03
603d2f46360e2c9356403255,http://azimut.ski/fr/trips/chamonix---decouverte-douce-de-la-haute-montagne,AL,FRAL25 ALP076
602148b1360e2c9356d5c228,http://azimut.ski/fr/trips/ascension-du-mont-blanc-avec-preparation---voie-normale-m--6--jours,AL,FRAL22 ALP001
60f6d7cee2f187b2f3aa2874,http://azimut.ski/fr/trips/pelvoux-ailefroide-perfectionnement-alpinisme,AL,FRAL06
60cb9a91e2f187b2f310be39,http://azimut.ski/en/trips/mont-blanc-ascent-with-preparatory-workshop---classic-route----days,AL,FRALPRIV22
60214c3b360e2c9356f06400,http://azimut.ski/fr/trips/ascension-du-mont-blanc-avec-preparation---versant-italien----jours,AL,FRAL31
60ba8ae9e2f187b2f3cc32c8,http://azimut.ski/en/trips/Crossing-over-mountains-Cervin-to-Mt-Rose,AL,ITAL10 ALP077
6027dedc360e2c9356cc7053,http://azimut.ski/fr/trips/du-cervin-au-mt-rose---traversee-alpinisme-4554m,AL,ITAL10 ALP077
60c45089e2f187b2f393444e,http://azimut.ski/en/trips/mont-blanc-ascent-with-preparatory-workshopitalian-side---days,AL,FRAL31
60ba7e48e2f187b2f3955f44,http://azimut.ski/en/trips/grand-paradis--m-alpinism,AL,ITAL01
608a8cef89fe135ad81a746b,http://azimut.ski/fr/trips/balian---objectif-grand-paradis-m---alpinisme,AL,ITALPRIV21
60223b7c360e2c9356276c69,http://azimut.ski/fr/trips/objectif-grand-paradis-4061m,AL,ITAL21 ALP006
602b2494360e2c93565af92c,http://azimut.ski/fr/trips/grand-paradis--m-alpinisme,AL,ITAL01
604f654e360e2c93566e6fea,http://azimut.ski/fr/trips/loyer-abello--ascension-du-mont-blanc-avec-preparation---voie-normale----jours,AL,FRALPRIV21
60b3b71789fe135ad817b779,http://azimut.ski/en/trips/introduction-course-facing-the-dome-des-ecrins--m---mountaineering,AL,FRAL03
60b40b0089fe135ad8a20163,http://azimut.ski/en/trips/mont-rose-4000-alpinisme-italie,AL,ITAL11 ALP011
6021bd9a360e2c9356dd264b,http://azimut.ski/fr/trips/la-vallee-blanche-en-randonnee-glaciaire,AL,FRAL24 ALP074
613628753901fe6ce20962fa,http://azimut.ski/en/trips/explore-share--days-to-monterosa-trip-an-alpine-traverse,AL,ITALPRIV10
612399a3e2f187b2f336547a,http://azimut.ski/en/trips/mont-blanc-ascent-with-preparatory-workshop---classic-route----days,AL,FRALTAV22 ALPS08
602ad2ab360e2c9356c20ba7,http://azimut.ski/en/trips/become-autonom-in-the-mountains-mountaineering,AL,FRAL08
611cd26ae2f187b2f3dd59f9,http://azimut.ski/en/trips/chamonix-discover-high-mountain,AL,FRAL25 ALP076
60222bca360e2c9356d1d4f8,http://azimut.ski/fr/trips/ascension-du-mont-blanc-avec-preparation---voie-normale---4-jours,AL,FRAL21 ALP081
602144c6360e2c9356a26b6c,http://azimut.ski/fr/trips/objectif-les-domes-de-miage,AL,FRAL23  ALP060
6024f3de360e2c935640926b,http://azimut.ski/fr/trips/lehmann---ascension-du-mont-blanc-avec-preparation---voie-normale-m----jours,AL,FRALPRIV22
602288ac360e2c93565780c2,http://azimut.ski/fr/trips/traversee-des-ecrins-randonnee-glaciaire,AL,FRAL02
60a56ef789fe135ad86ad4ff,http://azimut.ski/en/trips/chamonix---zermatt,AL,CHAL12  ALP008
60d8b0e1e2f187b2f326f4c6,http://azimut.ski/en/trips/hiking-the--vallee-blanche--glacier,AL,FRAL24 ALP074
6023fa6a360e2c9356d59b44,http://azimut.ski/fr/trips/haute-maurienne-albaron-alpinisme,AL,FRAL04
6023c3e5360e2c93566605d9,http://azimut.ski/fr/trips/ascension-du-dome-des-ecrins-m,AL,FRAL01 ALP002
60a41d3589fe135ad8d27877,http://azimut.ski/fr/trips/osez-l-autonomie-en-montagne-alpinisme,AL,FRAL08
60a3ddc389fe135ad86be7a6,http://azimut.ski/en/trips/ascension-of-mt-blanc-with-preparatory-workshop-voie-normale-6-days,AL,FRAL22 ALP001
60a3dd6b89fe135ad86b68c3,http://azimut.ski/en/trips/ascension-of-mt-blanc-voie-normale-4-days,AL,FRAL21 ALP081
60a399df89fe135ad8ff0cd8,http://azimut.ski/en/trips/objectif-grand-paradis-4061m,AL,ITAL21 ALP006
60243208360e2c9356c4d7e6,http://azimut.ski/fr/trips/les-4000-du-mont-rose,AL,ITAL11 ALP011
602144bf360e2c9356a22955,http://azimut.ski/fr/trips/stage-d-initiation-face-au-dome-des-ecrins-m---alpinisme,AL,FRAL03
60243fa0360e2c9356dfd885,http://azimut.ski/fr/trips/chamonix---zermatt,AL,CHAL12  ALP008
60c0cf9ce2f187b2f38e6aa6,http://azimut.ski/fr/trips/damien---objectif-les-domes-de-miage---alpinisme,AL,FRALPRIV23
602442c9360e2c9356e739a0,http://azimut.ski/fr/trips/stage-d-initiation-au-coeur-des-glaciers-du-parc-national-de-la-vanoise---alpinisme,AL,FRAL10
60bb7012e2f187b2f3fe8b8a,http://azimut.ski/en/trips/objectif--the-domes-de-miage,AL,FRAL23  ALP060
60ef6252e2f187b2f30b0404,http://azimut.ski/en/trips/glaciers-of-maurienne-albaron---mountaineering,AL,FRAL10
6099019b89fe135ad82c3138,http://azimut.ski/fr/trips/gijs--les--du-mont-rose---alpinisme,AL,ITALPRIV11
60f294d9e2f187b2f3aa5b14,http://azimut.ski/en/trips/monte-rosa-and-its--m-summits---mountaineering,AL,ITALPRIV11
60bc8b36e2f187b2f391f371,http://azimut.ski/en/trips/glacier-walk-ecrins-france,AL,FRAL02
60f2c60ce2f187b2f3f06dcf,http://azimut.ski/en/trips/haute-maurienne-albaron-alpinisme,AL,FRAL04
6022dbf9360e2c9356613d5e,http://azimut.ski/fr/trips/sejour-all-mountain-brianconnais,BA,FRBAM01
60676a2889fe135ad841c150,http://azimut.ski/fr/trips/vtt-electrique-douceurs-du-brianconnais,BE,FRBEL03
602496c7360e2c9356c0afc8,http://azimut.ski/fr/trips/vtt-electrique-enduro---week-end---spots-secrets-du-queyras,BE,FRBEN02
6021533f360e2c9356159e91,http://azimut.ski/fr/trips/vtt-raid---queyras-val-maira,BR,ITBRA01
60ad10c489fe135ad85efe2d,http://azimut.ski/en/trips/enduro---bike-shuttle---made-in-hautes-alpes,BS,FRBS01
6046552d360e2c935619d6a9,http://azimut.ski/fr/trips/les-spots-du-brianonnais-a-la-journee,BS,FRBS02
603fb6b1360e2c9356216f99,http://azimut.ski/fr/trips/bike---journees-shuttle---enduro-made-in-hautes-alpes,BS,FRBS01
60a3704289fe135ad8bddfc5,http://azimut.ski/fr/trips/acomptes-ffcam-resas-persos-mt-blanc-guides,CP,ACCPERSO
6027b01c360e2c9356418075,http://azimut.ski/fr/trips/mont-blanc-normale,EA,FREA18
60214eb7360e2c9356fbbed4,http://azimut.ski/fr/trips/formation-scurit-neige-et-avalanches,F0,FRF01
61099991e2f187b2f3045b61,http://azimut.ski/en/trips/formation-scurit-neige-et-avalanches,F0,FRF01
611fc689e2f187b2f358362e,http://azimut.ski/en/trips/gravel-bike---cycling-trip-in-kirghizstan,GB,KIGB01
6022235d360e2c9356a8a659,http://azimut.ski/fr/trips/gravel-bike---voyage-au-pakistan,GB,PAGB01
6021795b360e2c9356b7bb64,http://azimut.ski/fr/trips/traversee-des-alpes---gravel-bike-velo-de-route,GB,FRGB01
6021797d360e2c9356b99e33,http://azimut.ski/fr/trips/maroc---voyage-sur-l-atlas---gravel-bike-velo-de-route,GB,MAGB01
60217a9b360e2c9356c5d9d6,http://azimut.ski/fr/trips/gravel-bike---voyage-au-kirghizstan,GB,KIGB01
60217b45360e2c9356cd4554,http://azimut.ski/fr/trips/bolivie---gravel-bike-velo-de-route,GB,BOGB01
6028e2b3360e2c9356ce5ce7,http://azimut.ski/fr/trips/maroc---entre-grand-sud-et-desert---gravel-bike-velo-de-route,GB,MAGB02
60ae77f289fe135ad81c5afe,http://azimut.ski/en/trips/crossing-the-alps---gravel-bike-cycling-road,GB,FRGB01
60ec8357e2f187b2f322faa5,http://azimut.ski/en/trips/morocco---trip-in-the-atlas-mountain---gravel-bike-cycling-trip,GB,MAGB01
60b4ef9f89fe135ad8b2169d,http://azimut.ski/en/trips/gravel-bike---cycling-trip-in-pakistan,GB,PAGB01
60bba735e2f187b2f3b46f71,http://azimut.ski/en/trips/morocco---between-south-and-desert---gravel-bike-cycling-trip,GB,MAGB02
608fe6c989fe135ad8237270,http://azimut.ski/fr/trips/vtt-electrique---liberte---week-end-decouverte-dans-la-vallee-des-fonts,LI,FRLIB01
6139c7083901fe6ce28ebb5c,http://azimut.ski/en/trips/e-mountain-biking---freedom---a-discover-week-end-into-the-fonts-valley,LI,FRLIB01
609e9a8089fe135ad876fbbe,http://azimut.ski/fr/trips/vtt--e-bike---liberte---week-end-de-pur-ride-autour-de-cervieres,LI,FRLIB02
619f3d5b8583af6aab97c523,http://azimut.ski/fr/trips/archiride---skitrip-freeride-freerando-japon,PS,JAPSFPRIV01
606dd47689fe135ad872cd66,http://azimut.ski/fr/trips/cervieres-cocktail-d-activites-nature-en-famille,RA,FRRA03
616559a9c7c0380d7895aa31,http://azimut.ski/fr/trips/au-pays-de-la-meije---un-jour-un-lac,RA,FRRA04
606dd1c789fe135ad8718220,http://azimut.ski/fr/trips/cervieres-izoard-rando-bistrot,RA,FRRA02 FRAW70
606dcef089fe135ad87018ff,http://azimut.ski/fr/trips/cervieres-vallee-sauvage-du-brianonnais-a-pied,RA,FRRA01 FRA531
608b2b9289fe135ad85f6f0a,http://azimut.ski/fr/trips/cervieres-cocktail-d-activites-nature-en-famille,RA,FRRA03 FRAF89
60303b02360e2c9356be224a,http://azimut.ski/fr/trips/week-end-heliski-freeride-a-gressoney-mont-rose---italie,SF,ITSF07
60ae550689fe135ad8e20a1d,http://azimut.ski/fr/trips/skitrip-freeride-freerando-japon-voyage-ski-freeride-japon,SF,JASF01
609ccf8789fe135ad84a15ac,http://azimut.ski/fr/trips/weekend-fin-de-saison--cervinia---freeride,SF,ITSF99
60cf9809e2f187b2f35b1501,http://azimut.ski/en/trips/freeride-skiing-in-kyrgyzstan,SF,KISF01
60adf3b989fe135ad8437e23,http://azimut.ski/en/trips/powder-hunt---elite-freeride-skiing,SF,FRSF03
60243020360e2c9356bf17b1,http://azimut.ski/fr/trips/zermatt-matterhorn---ski-freeride---ski-elite,SF,SUSF03
6024264a360e2c93569dff2b,http://azimut.ski/fr/trips/la-grave---week-end-ski-freeride---ski-elite,SF,FRSF12
602425dc360e2c93569d0846,http://azimut.ski/fr/trips/freerando-itinerant-monterosa---freeride-confort-itinerant,SF,ITSF10
60242589360e2c93569bdaae,http://azimut.ski/fr/trips/mont-cervin-freeride---cervinia-et-zermatt---ski-freeride-rando,SF,ITSF14
60d14355e2f187b2f36d3d65,http://azimut.ski/en/trips/la-grave---week-end-ski-freeride---ski-elite,SF,FRSF12
60d3590ee2f187b2f3759eac,http://azimut.ski/en/trips/Dolomites-skitrip-Ski-Freeride,SF,ITSF04
60d5c60ae2f187b2f3c34b31,http://azimut.ski/fr/trips/black-crows---freerando-cervin-monte-rosa,SF,ITSFPRIV10
60a6cae989fe135ad80d8dce,http://azimut.ski/fr/trips/aravis-mont-blanc---freerando,SF,FRSF06
60a4f8bd89fe135ad8a24f8d,http://azimut.ski/en/trips/Freeriding-in-Georgia---South-Caucasus,SF,GESF01
60adb2ad89fe135ad8176c02,http://azimut.ski/en/trips/off-piste-gressoney-mt-rose,SF,ITSF01 ALP040
6093f8b189fe135ad8f6ab27,http://azimut.ski/fr/trips/gemalto---meilleurs-spots-serre-chevalier--la-grave---ski-freeride,SF,FRSFCE01
608abc4689fe135ad82f3a6e,http://azimut.ski/fr/trips/le-powder-trip-en-petit-comite--ski-freeride,SF,FRSF02
602cb8b0360e2c935629638d,http://azimut.ski/en/trips/monterosa-pizza-pasta-polenta---freerando-skiing-from-hut-to-hut---comfort,SF,ITSFPRIV10
6023d505360e2c9356ad1923,http://azimut.ski/en/trips/chamonix---verbier---zermatt---freetour-skiing---confort,SF,SUSF13
6037cb88360e2c9356d0d0cb,http://azimut.ski/fr/trips/gressoney-mt-rose---ski-freeride---ski-elite,SF,ITSF03
602a7b08360e2c935668c409,http://azimut.ski/fr/trips/chamonix-best-of--ski-freeride---ski-elite,SF,FRSF40
603e21f4360e2c93564fcfb8,http://azimut.ski/fr/trips/ski-freeride-sestriere---ski-elite,SF,ITSF15
60c1cd02e2f187b2f35f56ea,http://azimut.ski/en/trips/the-powder-trip---elite-freeride-skiing,SF,FRSF02
60484c7e360e2c935645212e,http://azimut.ski/fr/trips/ski-freeride-au-kazakhstan,SF,KASF01
60b2864c89fe135ad8e0e003,http://azimut.ski/fr/trips/chili-freerando---ski-freeride,SF,CHSF01
61a7568d8583af6aabecef75,http://azimut.ski/fr/trips/teissier---weekend-chasseur-de-poudre---ski-freeride,SF,FRSFPRIV03
60b0c81f89fe135ad8f1981d,http://azimut.ski/en/trips/Lets-learn-freeride-skiing---Sestriere---Italy,SF,ITSF12 ALP057
6061d0d789fe135ad80e6cc5,http://azimut.ski/fr/trips/iran-ski-freerando-dans-les-alborz-backcountry-ski-iran,SF,IRSF01
6027e40d360e2c9356de9e2d,http://azimut.ski/fr/trips/perfectionnement-ski-freeride-expert---sestriere---italie,SF,ITSF13
606a28d689fe135ad82a1ed4,http://azimut.ski/fr/trips/big-freeride-queyras,SF,FRSF008
60271a41360e2c9356d8570b,http://azimut.ski/fr/trips/week-end-mythique-valle-blanche---chamonix-mont-blanc,SF,FRSF43
60cd23ece2f187b2f32aec42,http://azimut.ski/en/trips/Freeride-spots-in-Val-d-Aoste---Mont-Blanc-in-Italy,SF,ITSF09
60cdffcae2f187b2f364b856,http://azimut.ski/en/trips/Freeride-in-Madesimo,SF,ITSF11
606e182589fe135ad89038e5,http://azimut.ski/fr/trips/gian---groupe-priv-ski-freeride-et-rando-secrets-spots-sestrire---italie,SF,ITSFPRIV13
60aeb10689fe135ad880157f,http://azimut.ski/fr/trips/chamonix---verbier---zermatt---ski-freerando---confort,SF,SUSF13
6023d3dc360e2c9356a9864a,http://azimut.ski/fr/trips/initiation-ski-freeride-vanoise--3-vallees---savoie---france,SF,FRSF10
6023d5c1360e2c9356af9662,http://azimut.ski/fr/trips/spots-freeride-du-val-d-aoste---mont-blanc-italien,SF,ITSF09
6023d10b360e2c9356a1bf35,http://azimut.ski/fr/trips/initiation-dans-les-dolomites---ski-freeride-freerando,SF,ITSF05
60217f16360e2c9356f93ced,http://azimut.ski/fr/trips/initiation-dans-le-queyras---ski-freeride-freerando,SF,FRSF08
610e613fe2f187b2f3ac325d,http://azimut.ski/en/trips/lets-learn-freeride-skiing---vanoise-french-alps,SF,FRSF10
610e615de2f187b2f3ac7df5,http://azimut.ski/en/trips/beginner-ski-freeride-trip-in-queyras,SF,FRSF08
6023d148360e2c9356a23103,http://azimut.ski/en/trips/the-best-of-freeriding-in-aravis-la-clusaz-le-grand-bornand,SF,FRSF06
610e6195e2f187b2f3ad11c9,http://azimut.ski/en/trips/Freeriding-Savoies-secret-spots,SF,FRSF09
610e61aae2f187b2f3ad4912,http://azimut.ski/en/trips/beginners-freerando--freeride-skiing-in-the-dolomites,SF,ITSF05
610e61b8e2f187b2f3ad7216,http://azimut.ski/en/trips/Best-freeriding-spots-in-La-Grave-Ecrins-Piemont,SF,FRSF05
61151fa5e2f187b2f3401a94,http://azimut.ski/fr/trips/test-pascal-chamonix,SF,FRSFPRIV43
613793493901fe6ce2b7e9e9,http://azimut.ski/fr/trips/week-end-decouverte-du-ski-freeride---piemont-italien,SF,ITSF16
60216903360e2c9356171740,http://azimut.ski/fr/trips/dolomites-skitrip---ski-freeride-freerando,SF,ITSF04
602168ac360e2c9356161285,http://azimut.ski/fr/trips/gressoney-mt-rose---ski-freeride-rando-confort,SF,ITSF01 ALP040
60215f0e360e2c9356c0d898,http://azimut.ski/en/trips/-freeride-skiing---chamonix-mont-blanc,SF,FRSF44
613f2025154dbff96f95b5c9,http://azimut.ski/fr/trips/peysson--dolomites-skitrip---ski-freeride-freerando,SF,ITSFPRIV04
61421c791868a44a2139fa49,http://azimut.ski/fr/trips/bourgeus---gressoney---mont-rose---ski-freeride-rando,SF,ITSFPRIV01
6021496a360e2c9356dd104c,http://azimut.ski/fr/trips/week-end-decouverte-ski-freeride---chamonix-mont-blanc,SF,FRSF41
6145d60293c18a2af67df22f,http://azimut.ski/fr/trips/week-end-heliski-freeride-a-sestriere---italie,SF,ITSF06
614b7a128e56d84b103696ca,http://azimut.ski/fr/trips/huvelin---tarentaise-powder--reblochon---ski-freeride-freerando-confort,SF,FRSFPRIV11
614b7a488e56d84b1036f6e8,http://azimut.ski/fr/trips/huvelin---big-freeride-queyras,SF,FRSFPRIV08
615706df8e56d84b10090555,http://azimut.ski/fr/trips/huvelin---le-powder-trip---ski-freeride,SF,FRSFPRIV02
616000c78e56d84b10e3927b,http://azimut.ski/fr/trips/week-end-initiation-ski-freerando---chamonix-mont-blanc,SF,FRSFPRIV41
616009748e56d84b10f74b7b,http://azimut.ski/fr/trips/crunelle--decouverte-du-ski-freeride---piemont-italien,SF,ITSFPRIV12
60213396360e2c93561e8a4f,http://azimut.ski/fr/trips/ski-freeride---spots-secrets-de-savoie,SF,FRSF09
6173e738c7c0380d78e808a8,http://azimut.ski/en/trips/perfectionnement-ski-freeride-expert---sestriere---italy,SF,ITSF13
618a8a618583af6aab7e0824,http://azimut.ski/en/trips/bourgeus---freeride-skitouring-in-gressoney--monte-rosa-comfort,SF,ITSFPRIV01
602132e5360e2c9356156ef6,http://azimut.ski/fr/trips/meilleurs-spots-ecrins-piemont--la-grave---ski-freeride,SF,FRSF05
602132d1360e2c935613647c,http://azimut.ski/fr/trips/ski-freeride-au-kyrgyzstan,SF,KISF01
602132d0360e2c9356135adb,http://azimut.ski/fr/trips/weekend-chasseur-de-poudre---ski-freeride---ski-elite,SF,FRSF03
619f8fdd8583af6aabf930a4,http://azimut.ski/en/trips/hodgson--the-best-of-freeriding-in-la-grave--serre-chevalier,SF,FRSFPRIV05
61a50f9b8583af6aab3c26eb,http://azimut.ski/en/trips/lets-learn-freeride-skiing---piemont--italy,SF,ITSF16
60219b8d360e2c9356fca2ad,http://azimut.ski/en/trips/Freeride-skiing-Japan,SF,JASF01
6021a02b360e2c935618bc3a,http://azimut.ski/fr/trips/tarentaise-powder--reblochon---ski-freeride-freerando-confort,SF,FRSF11
610e618ee2f187b2f3acff16,http://azimut.ski/en/trips/Tarentaise-Powder--Reblochon---Ski-Freeride-COMFORT,SF,FRSF11
60a6435889fe135ad83639bf,http://azimut.ski/fr/trips/week-end--freeride---chamonix-mont-blanc,SF,FRSF44
602331c7360e2c9356a4976a,http://azimut.ski/fr/trips/week-end-apprendre-le-ski-freeride---grenoble,SF,FRSF14
6104116ce2f187b2f348e549,http://azimut.ski/fr/trips/archiride---ski-freeride-au-kirgistan-dans-la-chaine-des-tien-shan,SF,KISFPRIV01
6022671b360e2c93566ac979,http://azimut.ski/fr/trips/georgie---ski-freeride---sud-caucase,SF,GESF01
60feb6f9e2f187b2f37d11a2,http://azimut.ski/en/trips/Heli-skiing-weekend-in-Gressoney-Italy,SF,ITSF07
60231a8b360e2c9356868a38,http://azimut.ski/en/trips/freeriding-in-chile---south-america,SF,CHSF01
60f4e69fe2f187b2f345acde,http://azimut.ski/fr/trips/week-end-decouverte-ski-freeride-en-maurienne,SF,FRSF07
60fc30c4e2f187b2f3ad253a,http://azimut.ski/en/trips/freeride-beginners-course---chamonix-mont-blanc,SF,FRSF41
60e688dde2f187b2f3b8c376,http://azimut.ski/en/trips/mont-cervin-freeride---cervinia-and-zermatt-ski-freeride,SF,ITSF14
6022a139360e2c9356f3b536,http://azimut.ski/fr/trips/apprenez-le-ski-freeride---sestriere---italie,SF,ITSF12 ALP057
6023cc3f360e2c9356898d5b,http://azimut.ski/fr/trips/madesimo-freeride-trip---ski-freerando---confort,SF,ITSF11
60e45336e2f187b2f3a0b87c,http://azimut.ski/fr/trips/hodgson--meilleurs-spots-ski-freeride---ecrins---serre-chevalier--la-grave,SF,FRSFPRIV05
610110c1e2f187b2f3020935,http://azimut.ski/en/trips/Freeride-Beginners-course--a-weekend-near-Grenoble,SF,FRSF14
60e5c033e2f187b2f3289339,http://azimut.ski/fr/trips/captain-wild--traversee-des-dolomites---ski-de-randonnee,SR,ITSRPRIV04
60ae89b889fe135ad8398271,http://azimut.ski/en/trips/etna--ski-touring---italy-sicily,SR,ITSR16
60ae897c89fe135ad8391b31,http://azimut.ski/en/trips/traversee-des-ecrins-et-dome---ski-de-randonnee,SR,FRSR23
60ae892089fe135ad83884ee,http://azimut.ski/en/trips/armenia-ex-soviet-skitrip,SR,ARSR01
60ae892589fe135ad8388d02,http://azimut.ski/en/trips/mont-rose-ascension-a-ski-de-randonnee-4563m,SR,ITSR11 ALP036
61421ed11868a44a213ecb24,http://azimut.ski/fr/trips/bourgeus---itinerance-vallee-de-la-claree---ski-de-rando,SR,FRSRPRIV17 ALP071
60d14152e2f187b2f36c01f8,http://azimut.ski/en/trips/Haute-route-Chamonix-Zermatt-ski-touring,SR,SUSR20
6154c07d8e56d84b106eef6e,http://azimut.ski/fr/trips/weekend-decouverte-ski-rando-savoie-beaufortain---initiation-ski-rando,SR,FRSR25  ALP082
615567d48e56d84b102785fe,http://azimut.ski/fr/trips/sejour-decouverte-ski-de-randonnee---chamonix-mont-blanc---formule-confort,SR,FRSR54  ALP083
6142164e1868a44a212c3780,http://azimut.ski/fr/trips/avazeri--les--de-saas-fee-en-ski-de-randonnee---suisse,SR,SUSRPRIV03
60e215e2e2f187b2f39fb611,http://azimut.ski/en/trips/beaufortain---ski-touring-in-savoie-french-alps---all-comfort,SR,FRSR20
6140a75a1868a44a21b7658f,http://azimut.ski/en/trips/claree-valley-tour---expert-ski-touring,SR,FRSR16
60a65ae189fe135ad8596ee5,http://azimut.ski/en/trips/trolls--peninsula---ski-touring,SR,ISSR03
60d9d61ce2f187b2f34fb439,http://azimut.ski/en/trips/skitouring-val-maira-italy,SR,ITSR01 ALP031
60acac0789fe135ad8bbea5e,http://azimut.ski/en/trips/boat-skitouring-norway,SR,NOSR01
60d9dab2e2f187b2f35b4b67,http://azimut.ski/en/trips/dome-des-ecrins-premier-4000---ski-de-randonnee,SR,FRSR04
60ad094689fe135ad853077b,http://azimut.ski/en/trips/aiguilles-rouges-chamonix---ski-touring,SR,FRSR51 ALP069
60d4414fe2f187b2f3e90c20,http://azimut.ski/en/trips/discover-ski-touring-in-the-french-alps,SR,FRSR60
60d440aae2f187b2f3e77a50,http://azimut.ski/en/trips/skitouring-discovering-frenchalps,SR,FRSR26 ALP042
61845c6b8583af6aaba341a5,http://azimut.ski/en/trips/dicover-ski-touring---chamonix--aosta-valley,SR,FRSR00
6174052fc7c0380d782ff77e,http://azimut.ski/en/trips/discover-ski-touring---chamonix-mont-blanc---comfort,SR,FRSR54  ALP083
60db1fe6e2f187b2f3c75b91,http://azimut.ski/fr/trips/ce-safran---traversee-de-la-vanoise---ski-de-rando,SR,FRSRCE17
60adb99e89fe135ad81a1a0c,http://azimut.ski/en/trips/glaciers-des-ecrins---ski-de-randonnee,SR,FRSR30
61711ecbc7c0380d7865138e,http://azimut.ski/fr/trips/savoyen--glaciers-de-haute-maurienne---ski-de-randonnee,SR,FRSRPRIV11
60db2922e2f187b2f3e0189b,http://azimut.ski/en/trips/glaciers-de-chamonix---ski-de-randonnee-freerando,SR,FRSR50 ALP039
616f24d4c7c0380d78a3078b,http://azimut.ski/fr/trips/billet--grand-ski-dans-les-aravis---ski-de-randonnee,SR,FRSRPRIV28
61643761c7c0380d78856443,http://azimut.ski/en/trips/french-ecrins-and-italian-piedmont--comfort---ski-touring,SR,ITSR06
61643731c7c0380d7884e265,http://azimut.ski/en/trips/discover-ski-touring-in-the-french-alps---areches-beaufort,SR,FRSR25  ALP082
60ded991e2f187b2f3c13c3e,http://azimut.ski/en/trips/trip-ski-touring-discovering-la-grave-serre-chevalier,SR,FRSR01 ALP028
60ae7fe889fe135ad829b220,http://azimut.ski/en/trips/poland---tatras-skitrip-skitouring,SR,POSR01
60ae8ada89fe135ad83b9db8,http://azimut.ski/en/trips/Ski--touring-in-Tien-Shan--Kyrgyzstan,SR,KISR01
60c1ed8ae2f187b2f3a7cc59,http://azimut.ski/en/trips/grand-paradis-a-ski-de-randonnee-4061m,SR,ITSR03 ALP035
60e919ede2f187b2f35fc8e6,http://azimut.ski/fr/trips/bourgeus--raid-ski-de-rando-en-vallee-daoste---italie,SR,FRSRPRIV17
610999e1e2f187b2f305981a,http://azimut.ski/en/trips/glaciers-de-haute-maurienne---ski-de-randonnee,SR,FRSR11 ALP032
6109997de2f187b2f3042879,http://azimut.ski/en/trips/tour-de-la-meije---ski-touring,SR,FRSR22
61099925e2f187b2f30323d3,http://azimut.ski/en/trips/beaufortin-confort---ski-touring-in-savoie,SR,FRSR14 ALP078
61099901e2f187b2f3028e11,http://azimut.ski/en/trips/ski-touring---sestriere---italy,SR,ITSR17
60bd0402e2f187b2f313729b,http://azimut.ski/en/trips/pays-du-viso-val-po---ski-de-randonnee-en-piemont,SR,ITSR08 ALP063
60bf2cf3e2f187b2f37937a3,http://azimut.ski/en/trips/ski-touring-ski-touring-in-the-high-atlas-morocco,SR,MASR01
60bf3130e2f187b2f3877c06,http://azimut.ski/en/trips/raid-a-ski-cervin---mont-rose---zermatt-4563m,SR,ITSR10
610998f1e2f187b2f3024c72,http://azimut.ski/en/trips/kirghizstan-ski-touring-arslanbob,SR,KISR02
60bf46aae2f187b2f3cc255f,http://azimut.ski/en/trips/stage-ski-randonnee-ubaye-sauvage-sejour-ski-a-ski-de-rando-de-randonnee,SR,FRSR03 ALP080
60bf49fde2f187b2f3d70001,http://azimut.ski/en/trips/ski-tour-vanoise-haute-route,SR,FRSR29
61099891e2f187b2f300ea70,http://azimut.ski/en/trips/ski-touring-in-the-dolomites,SR,ITSR05
60bf4babe2f187b2f3dc5de3,http://azimut.ski/en/trips/pralognan-paradis-savoyard---sejour-ski-de-randonnee-savoie,SR,FRSR15 ALP072
610998e9e2f187b2f3023260,http://azimut.ski/en/trips/discover-ski-touring---chamonix-mont-blanc,SR,FRSR52
610998d1e2f187b2f301d85d,http://azimut.ski/en/trips/discover-ski-touring-in-the-french-alps---areches-beaufort,SR,FRSR25
610998e1e2f187b2f30215a2,http://azimut.ski/en/trips/discover-ski-touring---chamonix-mont-blanc---comfort,SR,FRSR54
61099aa9e2f187b2f308edd4,http://azimut.ski/en/trips/weekend-skitouring-vanoise-savoie-france,SR,FRSR13
61099ad3e2f187b2f309aa0e,http://azimut.ski/en/trips/ski-touring-in-the-taurus-turkey,SR,TUSR01
60b981d5626ee634eabbc159,http://azimut.ski/fr/trips/tyrol-autrichien-ski-de-rando---sejour-ski-de-randonnee,SR,AUSR01
60b95520626ee634ea957b84,http://azimut.ski/en/trips/chamonix-et-ascension-du-mont-blanc--ski-de-rando,SR,FRSR10 ALP021
60ae8cef89fe135ad83f1ba4,http://azimut.ski/en/trips/japan---ski-touring-on-rishiri-island-and-hokkaido,SR,JASR01 JAP010
60c1ee14e2f187b2f3a9210c,http://azimut.ski/en/trips/ascension-du-mont-blanc-a-ski-de-rando,SR,FRSR09
60b0e8a189fe135ad8233785,http://azimut.ski/en/trips/georgie---svanetie-a-ski-touring-jewel,SR,GESR02
60b0f3dc89fe135ad834e9c4,http://azimut.ski/fr/trips/domes-de-miage---ski-de-randonnee,SR,FRSR53
60b228ad89fe135ad86c88fc,http://azimut.ski/fr/trips/grand-ski-dans-les-aravis---ski-de-randonnee,SR,FRSR28
6138e1e23901fe6ce22a8277,http://azimut.ski/fr/trips/les-ecrins-et-le-piemont-italien-en-etoile---ski-de-randonnee,SR,ITSR06
60b2cf9a89fe135ad8328166,http://azimut.ski/en/trips/ascension-du-mont-thabor---vallee-de-la-claree-ski-de-rando,SR,FRSR18 ALP070
60ae8c7489fe135ad83e4bc8,http://azimut.ski/en/trips/iran---zagros-ski-de-randonnee,SR,IRSR01
60fb6e15e2f187b2f3e894d7,http://azimut.ski/en/trips/val-pellice-piemont-secret---ski-de-randonnee-confort,SR,ITSR07
60b4d78689fe135ad881559a,http://azimut.ski/fr/trips/ski-de-couloirs-massif-des-cerces---ski-de-randonnee,SR,FRSR27
60c90f6fe2f187b2f33b499f,http://azimut.ski/en/trips/offpiste-val-devero-italy,SR,ITSR09 ALP079
60b55d5189fe135ad891ab3f,http://azimut.ski/en/trips/saas-fee--express---ski-touring,SR,SUSR03
60c6570fe2f187b2f319e2db,http://azimut.ski/en/trips/itinerance-vallee-de-la-claree---ski-de-rando,SR,FRSR17 ALP071
60c48641e2f187b2f3f348b8,http://azimut.ski/en/trips/fjords-sauvages-islande---ski-de-randonnee,SR,ISSR02
60b922e1626ee634ea6b9731,http://azimut.ski/en/trips/genuine-queyras---ski-touring,SR,FRSR19
61019cf2e2f187b2f3f37463,http://azimut.ski/en/trips/norvege-ski-de-randonnee-dans-les-lofoten,SR,NOSR03 NOR069
613789a33901fe6ce29eefc7,http://azimut.ski/fr/trips/raid-dans-la-vallee-de-la-claree---ski-de-rando,SR,FRSR16
6139bd883901fe6ce277a262,http://azimut.ski/fr/trips/evrard---hospice-du-grand-st-bernard---ski-de-randonnee,SR,SUSRPRIV05
602131b4360e2c935609f70f,http://azimut.ski/fr/trips/ascension-damavand-5671m-ski-de-randonnee,SR,IRSR02
61aa34e78583af6aab7e6a54,http://azimut.ski/fr/trips/sejour-decouverte-ski-de-randonnee---chamonix-mont-blanc,SR,FRSR52  ALP083
60214bcd360e2c9356ee81aa,http://azimut.ski/fr/trips/aiguilles-rouges-chamonix---ski-de-randonnee,SR,FRSR51 ALP069
602147f3360e2c9356ccd99d,http://azimut.ski/fr/trips/les-4000-de-saas-fee-express-en-ski-de-randonnee-suisse,SR,SUSR03
602146ca360e2c9356be0d60,http://azimut.ski/fr/trips/traversee-des-dolomites---ski-de-randonnee,SR,ITSR04 ALP058
6023095a360e2c935643a691,http://azimut.ski/fr/trips/sjour-dcouverte-du-ski-de-rando---chamonix-mont-blanc,SR,FRSR24
60231e71360e2c93568f0d44,http://azimut.ski/fr/trips/glaciers-de-chamonix---ski-de-randonnee-freerando,SR,FRSR50 ALP039
6021431b360e2c93568e2197,http://azimut.ski/fr/trips/sejour-decouverte-ski-de-randonnee---la-grave-et-serre-chevalier,SR,FRSR01 ALP028
6023ba78360e2c935625f3b6,http://azimut.ski/fr/trips/val-pellice-piemont-secret---ski-de-randonnee-confort,SR,ITSR07
60214004360e2c935668ef68,http://azimut.ski/fr/trips/sejour-initiation-ski-de-randonnee-en-beaufortain---ski-de-randonnee-en-savoie,SR,FRSR20
6023c653360e2c93566f6ff8,http://azimut.ski/fr/trips/pralognan-paradis-savoyard---sejour-ski-de-randonnee-savoie,SR,FRSR15 ALP072
60213f66360e2c935661b020,http://azimut.ski/fr/trips/grand-paradis-a-ski-de-randonnee-4061m,SR,ITSR03 ALP035
60213f04360e2c93565f0842,http://azimut.ski/fr/trips/etna-en-ski-de-randonnee---italie-sicile,SR,ITSR16
60213c5d360e2c93564e0afb,http://azimut.ski/fr/trips/week-end-decouverte-du-ski-de-rando---vanoise,SR,FRSR13
602139f0360e2c935641cd2d,http://azimut.ski/fr/trips/cervieres-brianconnais-sauvage---initiation-ski-rando,SR,FRSR26 ALP042
602136f1360e2c93562b2791,http://azimut.ski/fr/trips/dome-des-ecrins-premier-4000---ski-de-randonnee,SR,FRSR04
60245ca7360e2c935623e3f6,http://azimut.ski/fr/trips/ascension-du-mont-blanc-a-ski-de-rando,SR,FRSR09
6025a88b360e2c935687cf62,http://azimut.ski/fr/trips/le-kyrgyzstan--ski-de-randonnee,SR,KISR01
60261199360e2c9356666dc7,http://azimut.ski/fr/trips/le-kyrgyzstan--ski-de-randonnee---arslanbob,SR,KISR02
602642a1360e2c9356edc992,http://azimut.ski/fr/trips/egal--ambiance-bout-du-monde-en-queyras-profond---ski-de-randonnee-confort,SR,FRSRPRIV19
6021355f360e2c935624d1fc,http://azimut.ski/fr/trips/chamonix-et-ascension-du-mont-blanc--ski-de-rando,SR,FRSR10 ALP021
60213550360e2c9356249173,http://azimut.ski/en/trips/grand-saint-bernard-hospice---skitouring,SR,SUSR05
60266a8f360e2c9356c806eb,http://azimut.ski/fr/trips/pays-du-viso-val-po---ski-de-randonnee-en-piemont,SR,ITSR08 ALP063
60216ff6360e2c935642bbda,http://azimut.ski/fr/trips/sejour-decouverte-ski-de-randonnee---chamonix-mont-blanc,SR,FRSR52
6028297c360e2c9356799c07,http://azimut.ski/fr/trips/saillard-cottaz--traversee-unique-des-glaciers-de-la-vanoise-en-ski-de-randonnee,SR,FRSRPRIV29
60297d28360e2c9356d57c63,http://azimut.ski/fr/trips/ortles-glaciers-uniques-du-nord-italie---raid-confort-en-ski-de-randonnee,SR,ITSR02
6029848c360e2c93560f6de1,http://azimut.ski/fr/trips/murard---dme-des-ecrins-premier----ski-de-randonne,SR,FRSRPRIV04
60214e87360e2c9356fb033a,http://azimut.ski/fr/trips/le-pakistan-a-ski-de-randonnee---au-coeur-du-karakoram,SR,PASR01
6022e9d8360e2c9356a45665,http://azimut.ski/fr/trips/beaufortain-confort---ski-de-randonnee-en-savoie,SR,FRSR14 ALP078
6022b32c360e2c9356793fab,http://azimut.ski/en/trips/domes-de-miage---ski-touring,SR,FRSR53
60214f64360e2c93560046cf,http://azimut.ski/fr/trips/journee-decouverte-du-ski-rando-au-col-dizoard,SR,FRSR60
60217360360e2c93566bf96b,http://azimut.ski/fr/trips/mont-rose-ascension-a-ski-de-randonnee-4563m,SR,ITSR11 ALP036
6021739a360e2c93566e7e70,http://azimut.ski/fr/trips/vallees-secretes-du-val-maira---ski-randonnee-,SR,ITSR01 ALP031
602173a0360e2c93566ebda5,http://azimut.ski/fr/trips/ascension-du-mont-thabor---vallee-de-la-claree-ski-de-rando,SR,FRSR18 ALP070
602173d8360e2c935670e967,http://azimut.ski/fr/trips/autre-route---chamonix-zermatt-raid-mythique-en-ski-de-randonnee,SR,SUSR20
60217648360e2c93568f37bf,http://azimut.ski/fr/trips/glaciers-de-haute-maurienne---ski-de-randonnee,SR,FRSR11 ALP032
60217725360e2c93569a90c1,http://azimut.ski/fr/trips/glaciers-des-ecrins---ski-de-randonnee,SR,FRSR30
6021774c360e2c93569c2e73,http://azimut.ski/fr/trips/maroc-decouverte-du-haut-atlas-en-ski-de-randonnee,SR,MASR01
60217755360e2c93569c9fb3,http://azimut.ski/fr/trips/ski-de-randonnee---sestriere---italie,SR,ITSR17
6021782a360e2c9356a840ef,http://azimut.ski/fr/trips/japon---ski-de-randonnee-sur-les-iles-de-rishiri-et-hokkaido-,SR,JASR01 JAP010
602178cc360e2c9356b0739f,http://azimut.ski/fr/trips/val-devero---ski-de-randonnee---italie,SR,ITSR09 ALP079
60218028360e2c9356058668,http://azimut.ski/fr/trips/traversee-des-ecrins-et-dome-ski-de-randonnee,SR,FRSR23
60218078360e2c9356091f08,http://azimut.ski/fr/trips/glaciers-de-la-vanoise---traversee-en-ski-de-rando,SR,FRSR29
602133f8360e2c93561fdc3f,http://azimut.ski/fr/trips/georgie---svanetie-joyau-du-ski-de-rando,SR,GESR02
602186f3360e2c935655ebe2,http://azimut.ski/fr/trips/tour-de-la-meije---ski-de-randonnee,SR,FRSR22
60218e4f360e2c9356a5f048,http://azimut.ski/fr/trips/stage-ski-randonnee-ubaye-sauvage-sejour-ski-a-ski-de-rando-de-randonnee,SR,FRSR03 ALP080
6021932a360e2c9356cc4781,http://azimut.ski/fr/trips/armenie-la-perle-ex-soviet-du-caucase,SR,ARSR01
6021959a360e2c9356d5c7e7,http://azimut.ski/fr/trips/raid-a-ski-cervin---mont-rose---zermatt-4563m,SR,ITSR10
60219cb8360e2c9356048974,http://azimut.ski/fr/trips/weekend-decouverte-ski-rando-savoie-beaufortain---initiation-ski-rando,SR,FRSR25
6021adee360e2c93567483df,http://azimut.ski/fr/trips/sejour-ski-de-rando-itinerant-confort-en-vallee-d-aoste---monte-rosa-pizza-pasta-polenta,SR,ITSR12
60225a68360e2c9356c8ebe7,http://azimut.ski/fr/trips/queyras-magique-en-ski-de-randonnee,SR,FRSR19
602264b2360e2c9356249711,http://azimut.ski/fr/trips/deutschmann--weekend-decouverte-du-ski-rando---beaufortain---savoie,SR,FRSRPRIV25
602265f2360e2c9356492774,http://azimut.ski/en/trips/great-skitour-aravis---ski-touring-all-comfort,SR,FRSR28
60226dde360e2c9356a14b71,http://azimut.ski/en/trips/steep-skiing-couloir---cerces,SR,FRSR27
60215596360e2c93563179f7,http://azimut.ski/fr/trips/sejour-decouverte-ski-de-randonnee---chamonix-mont-blanc---formule-confort,SR,FRSR54
6021536c360e2c935616932d,http://azimut.ski/fr/trips/pologne---la-traversee-des-tatras-en-ski-de-randonnee-top-confort,SR,POSR01
6022809a360e2c93560fdea5,http://azimut.ski/fr/trips/,SR,FRSR190
60218e2e360e2c9356a4a58a,http://azimut.ski/fr/trips/les-dolomites--ski-de-randonne---en-toile,SR,ITSR05
602af8b7360e2c9356bbfeea,http://azimut.ski/fr/trips/saillard---chamonix---ski-de-randonne,SR,FRSRPRIV51
602170a2360e2c93564a1f9f,http://azimut.ski/fr/trips/itinerance-vallee-de-la-claree---ski-de-rando,SR,FRSR17 ALP071
604f8a06360e2c9356c1803f,http://azimut.ski/fr/trips/strohmann---georgie---svanetie-joyau-du-ski-de-rando,SR,GESRPRIV02
6034f846360e2c9356e7eec2,http://azimut.ski/fr/trips/weekend-ski-rando-ecrins---freissinieres-confort,SR,FRSRPRIV20
6064472e89fe135ad811e4af,http://azimut.ski/fr/trips/billet--ski-de-randonnee-dans-le-beaufortain---savoie,SR,FRSRPRIV14
60643c5189fe135ad80d0231,http://azimut.ski/fr/trips/sejour-decouverte-ski-de-randonne---chamonix--val-d-aoste,SR,FRSR00
6021331a360e2c93561b6723,http://azimut.ski/fr/trips/fjords-sauvages-islande---ski-de-randonnee,SR,ISSR02
603e9393360e2c93566e1189,http://azimut.ski/fr/trips/ginsbach--raid-a-ski-de-rando-en-silvretta---glacier-dautriche,SR,FRSRPRIV09
604732d4360e2c9356d8559f,http://azimut.ski/fr/trips/decouverte-du-ski-rando-au-col-dizoard--jours---maiwenn,SR,FRSRPRIV26
6034b9de360e2c9356d92f83,http://azimut.ski/fr/trips/meillassoux-cottaz---la-grave-et-serre-chevalier--ski-freeride-et-ski-de-rando,SR,FRSRPRIV01
6049e5e1360e2c93566681d5,http://azimut.ski/fr/trips/bayard---decouverte-du-ski-de-rando---vanoise,SR,FRSRPRIV13
6021331c360e2c93561ba176,http://azimut.ski/fr/trips/bateau-ski-de-randonnee---alpes-de-lyngen,SR,NOSR01
6021331f360e2c93561bee3c,http://azimut.ski/fr/trips/georgie---sud-caucase-et-kazbek-ski-de-randonnee,SR,GESR01
602b9511360e2c935635c58a,http://azimut.ski/fr/trips/dupasquier--norvege-ski-de-randonnee-dans-les-lofoten,SR,NOSRPRIV03
60533379360e2c9356eccb54,http://azimut.ski/fr/trips/doran--mont-rose-ascension-a-ski-de-randonnee-m,SR,ITSRPRIV11
6053af3e89fe135ad8ef01fa,http://azimut.ski/fr/trips/ginsbach--ski-de-randonnee-sur-les-spots-de-chamonix-mont-blanc,SR,FRSRPRIV54
6059afc789fe135ad8cc7c02,http://azimut.ski/fr/trips/decouverte-du-ski-rando-au-col-dizoard,SR,FRSRPRIV26DELTOUR
604f6aa1360e2c9356a1072c,http://azimut.ski/fr/trips/gastebois--chamonix-et-ascension-du-mont-blanc-a-ski-de-rando,SR,FRSRPRIV10
60916f3a89fe135ad8d08453,http://azimut.ski/fr/trips/raid--ski-cervin---mont-rose---zermatt-m,SR,ITSRPRIV10
606ef1a589fe135ad8c65f41,http://azimut.ski/fr/trips/naudet--grand-paradis-a-ski-de-randonnee-m,SR,ITSRPRIV03
6033ef60360e2c9356d61129,http://azimut.ski/fr/trips/,SR,SUSR10
60a452ac89fe135ad80918ae,http://azimut.ski/en/trips/Ski-touring--across-the-Dolomites,SR,ITSR04 ALP058
60213393360e2c93561e88c5,http://azimut.ski/fr/trips/chamonix-zermatt-en-ski-de-rando---version-tranquille,SR,SUSR04
60213238360e2c93560e5a9f,http://azimut.ski/en/trips/silvretta-ski-de-rando---raid-confort-en-ski-de-randonnee,SR,AUSR02
60a3f38889fe135ad88e70bd,http://azimut.ski/fr/trips/hospice-du-grand-st-bernard---ski-de-randonnee,SR,SUSR05
60a3cd9389fe135ad852badf,http://azimut.ski/fr/trips/silvretta-ski-de-rando---raid-confort-en-ski-de-randonnee,SR,AUSR02
602c4870360e2c9356933e8d,http://azimut.ski/fr/trips/iran---zagros-ski-de-randonnee,SR,IRSR01
60a3843089fe135ad8dbee6b,http://azimut.ski/en/trips/ski-touring-in-karakoram---pakistan,SR,PASR01
60213328360e2c93561c85ae,http://azimut.ski/fr/trips/peninsule-des-trolls---ski-de-randonnee,SR,ISSR03
60213290360e2c9356113bc4,http://azimut.ski/fr/trips/norvege-ski-de-randonnee-dans-les-lofoten,SR,NOSR03 NOR069
60213293360e2c9356115209,http://azimut.ski/fr/trips/turquie-ski-de-randonnee-dans-les-taurus,SR,TUSR01
6037c19f360e2c9356a5bc47,http://azimut.ski/fr/trips/les-spots-du-brianonnais-a-la-journee,SV,FRSV02
60351ea4360e2c9356d2c759,http://azimut.ski/fr/trips/test-shuttle-guidee-vtt---puy,SV,FRSV01
60bb66f3e2f187b2f3df1c9f,http://azimut.ski/fr/trips/Via-Cordata-Vercors-Sauvage,VC,FRVC01
6093be5d89fe135ad8c448bf,http://azimut.ski/fr/trips/lormand--e-bike-raid---tour-du-queyras-faon-azimut,VE,FRVEPRIV01
61237614e2f187b2f3d80d69,http://azimut.ski/en/trips/electric-bike--learn-to-pilot-your-bike-in-beautiful-italian-piedmont,VE,ITVE04
608a5f1889fe135ad807d3d0,http://azimut.ski/fr/trips/e-bike-raid---face-au-mont-blanc,VE,FRVE13
60a42cbe89fe135ad8eace19,http://azimut.ski/en/trips/e-bike-enduro---bike-safari-and-shuttles-in-ligurian-alps,VE,ITVE07
6086767f89fe135ad88ee59c,http://azimut.ski/fr/trips/e-bike-raid---la-traversee-des-alpes-des-cimes-a-la-mer,VE,FRVE12
60227ddf360e2c9356fbf83b,http://azimut.ski/en/trips/e-biking-enduro-trip---perched-tracks-and-relaxation-around-serre-poncon-lake,VE,FRVE09
60226c15360e2c935697b788,http://azimut.ski/fr/trips/vtt-electrique---balade-dans-le-brianconnais,VE,FRVE04
60ad198189fe135ad86cf17a,http://azimut.ski/fr/trips/baron---e-bike-enduro---sentiers-perches-et-farniente-au-lac-de-serre-ponon,VE,FRVEPRIV09
60fc5bb6e2f187b2f3e2b0ad,http://azimut.ski/en/trips/electric-bike--discover-the-best-trails-and-learn-to-pilot-your-bike-in-serre-chevalier-valley,VE,FRVE03 FRAV14
60226c14360e2c935697af79,http://azimut.ski/fr/trips/vtt-electrique---balade-ebike-dans-les-plus-belles-vallees-du-brianconnais,VE,FRVE03 FRAV14
602266ad360e2c93565e6346,http://azimut.ski/fr/trips/vtt-electrique-raid---tour-du-queyras,VE,FRVE01
6092a77e89fe135ad84dd5d1,http://azimut.ski/fr/trips/journee-decouverte-de-l-e-bike-autour-de-cervieres,VE,FRVE14
60af575189fe135ad804fc15,http://azimut.ski/en/trips/e-biking-trip-on-the-dolomites-mythical-singles,VE,ITVE02
60226576360e2c93563ae66b,http://azimut.ski/fr/trips/vtt-electrique---le-tour-du-mont-blanc,VE,FRVE02
60af608f89fe135ad8141cde,http://azimut.ski/en/trips/discover-the-dolomites-on-an-e-bike,VE,ITVE01 ITAV05
60a3848589fe135ad8dc8741,http://azimut.ski/fr/trips/vtt-electrique-enduro---sentiers-perches-et-farniente-au-lac-de-serre-poncon,VE,FRVE09
60271b9b360e2c9356dd47fb,http://azimut.ski/fr/trips/vtt-electrique-enduro---orgie-de-singles-et-shuttles-dans-lbeaufortain---alpes-du-nord,VE,FRVE10
6024140d360e2c9356730665,http://azimut.ski/fr/trips/vtt-electrique-enduro---itinerance-et-shuttles-dans-les-alpes-ligures,VE,ITVE07
602eb536360e2c9356a3bc5c,http://azimut.ski/fr/trips/e-bike-enduro---sentiers-sandales-et-soleil-dans-le-tres-fameux-diois,VE,FRVE11
60295a8c360e2c9356b1c779,http://azimut.ski/fr/trips/vtt-electrique---week-end-balade-dans-le-magnifique-piemont-italien,VE,ITVE03
60ba66f5e2f187b2f339cc6f,http://azimut.ski/en/trips/electric-bike-enduro--easy-week-end-at-the-gates-to-ecrin,VE,FRVE05
60ba2d90e2f187b2f3ab8be9,http://azimut.ski/fr/trips/le-bovic---vtt-electrique---week-end-balade-dans-le-brianonnais-et-le-queyras,VE,FRVEPRIV04
602427f2360e2c9356a14053,http://azimut.ski/fr/trips/vtt-electrique-enduro---week-end-e-bike-aux-portes-des-ecrins,VE,FRVE05
60215282360e2c935612b98e,http://azimut.ski/fr/trips/decouverte-des-dolomites-vtt-electrique-confort,VE,ITVE01 ITAV05
602413c3360e2c9356728c91,http://azimut.ski/fr/trips/vtt-electrique-enduro---l-incontournable-finale-ligure,VE,ITVE06
60241308360e2c93566ed95b,http://azimut.ski/fr/trips/vtt-electrique-enduro---week-end-singletracks-d-exception---alpes-du-sud,VE,FRVE06
602412e1360e2c93566e7976,http://azimut.ski/fr/trips/voyage-en-vtt-electrique---sur-les-mythiques-singles-des-dolomites,VE,ITVE02
602721d4360e2c9356f1e788,http://azimut.ski/fr/trips/e-bike-enduro---la-mecque-de-l-e-bike-au-pays-du-soleil,VE,FRVE07
60bfc5cae2f187b2f34ddefd,http://azimut.ski/en/trips/e-bike-enduro---singletracks-orgy-and-shuttles-in-beaufortain---north-french-alps,VE,FRVE10
60bfd377e2f187b2f37b4d84,http://azimut.ski/en/trips/mountain-bike-tour---around-the-queyras,VE,FRVE01
60a6003089fe135ad8cfaa5e,http://azimut.ski/en/trips/ebiking-around-the-mont-blanc,VE,FRVE02
60bfc51de2f187b2f34b84b6,http://azimut.ski/en/trips/electric-bike-enduro---a-week-end-on-mental-singletracks---south-alps,VE,FRVE06
6048f0a3360e2c9356cae3f1,http://azimut.ski/fr/trips/martine--e-bike-enduro---la-mecque-de-le-bike-au-pays-du-soleil,VE,FRVEPRIV07
602343ef360e2c9356b691ed,http://azimut.ski/fr/trips/vtt-electrique---balade-dans-le-brianconnais,VE,FRVE04  FRAV15
60db4e83e2f187b2f342500f,http://azimut.ski/en/trips/e-bike-trip---introduction-to-enduro-on-etna-volcano,VE,ITVE05
604f4157360e2c9356196a56,http://azimut.ski/fr/trips/vtt-electrique---week-end-balade-dans-le-magnifique-piemont-italien,VE,ITVE03 ITAV07
602adea1360e2c935615cb4f,http://azimut.ski/fr/trips/voyage-vtt-electrique---decouverte-de-l-enduro-sur-le-volcan-de-l-etna---sicile,VE,ITVE05
60b282e489fe135ad8dc9430,http://azimut.ski/en/trips/ebike-in-enduro-mecca---country-of-the-sun,VE,FRVE07
60b2389589fe135ad87f9905,http://azimut.ski/en/trips/electric-mtb-enduro---il-famoso-finale-ligure---comfort,VE,ITVE06
60b07eeb89fe135ad8898525,http://azimut.ski/en/trips/the-basics-of-mountain-biking-in-serre-chevalier-valley,VE,FRVE04  FRAV15
60b6534589fe135ad8da743b,http://azimut.ski/en/trips/electric-bike--a-week-end-to-learn-to-pilot-your-bike-in-beautiful-italian-piedmont,VE,ITVE03 ITAV07
602953f6360e2c935683bb10,http://azimut.ski/fr/trips/vtt-electrique---stage-ebike-balade-dans-le-magnifique-piemont-italien,VE,ITVE04
602be399360e2c93560fe1c3,http://azimut.ski/fr/trips/Via-ferrata-Dolomite-Cortina-d-Ampezzo,VF,ITVF01 ALP005
602be39f360e2c93560febe6,http://azimut.ski/fr/trips/via-ferrata-dans-le-stubai---le-tyrol-vu-d-en-haut,VF,AUVF01
602be395360e2c93560fd260,http://azimut.ski/fr/trips/week-end-via-ferrata-des-ecrins,VF,FRVF02
6033e3cd360e2c9356aba797,http://azimut.ski/fr/trips/Dolomites-Moizza-Civetta-sauvage,VF,ITVF02
618b4c4e8583af6aaba8e417,http://azimut.ski/en/trips/week-end--via-ferrata-in-the-ecrins---southern-alps,VF,FRVF02
603e5ffc360e2c9356473294,http://azimut.ski/fr/trips/selvaggio-blu-l-aventure-integrale,VF,ITVF03
60231a1c360e2c9356854969,http://azimut.ski/fr/trips/via-ferrata-des-ecrins,VF,FRVF01
60ba8b21e2f187b2f3cd14b0,http://azimut.ski/en/trips/Via-ferrata-Dolomites-Cortina-d-Ampezzo,VF,ITVF01 ALP005
60216283360e2c9356ec4fa0,http://azimut.ski/fr/trips/vtt-enduro---incontournable-finale-ligure,VM,ITVM01
619909958583af6aabbc28f6,http://azimut.ski/fr/trips/vtt-enduro---week-end-travail-ta-technique-dans-les-ecrins---deposes-navettes,VM,FRVM15
602152a6360e2c9356135404,http://azimut.ski/fr/trips/vtt-raid---tour-du-mont-blanc,VM,FRVM02
60a662f489fe135ad866d9f6,http://azimut.ski/en/trips/vtt-enduro---bike-safari-with-shuttles-in-the-ligurian-alps,VM,ITVM07
612dd5f83901fe6ce22fcff6,http://azimut.ski/en/trips/dogneton--mtb-enduro---il-famoso-finale-ligure---comfort,VM,ITVMPRIV01
60acab3c89fe135ad8b5822e,http://azimut.ski/en/trips/mountain-bike---the-best-singletracks-in-serre-chevalier-area,VM,FRVM12
609d36bf89fe135ad8d983eb,http://azimut.ski/fr/trips/vtt-all-mountain---jours-de-ride-dans-les-ecrins,VM,FRVM12
609beb2089fe135ad8733be2,http://azimut.ski/fr/trips/sejour-vtt-all-mountain-brianconnais-ecrins,VM,FRVM13
605c6d1f89fe135ad8d975df,http://azimut.ski/fr/trips/vtt-itinerance---alpes-ligures-a-la-mer---hospitalite-confort--singletracks,VM,ITVM07
60aeb63589fe135ad8882475,http://azimut.ski/en/trips/mtb-enduro-il-famoso-finale-ligure,VM,ITVM01
60af8a7f89fe135ad85d604e,http://azimut.ski/en/trips/mtb-enduro---singletracks-orgy-and-shuttles-in-beaufortain---north-french-alps,VM,FRVM10
60afc46589fe135ad8c4ccea,http://azimut.ski/fr/trips/vtt-all-mountain---jours-en-etoile-dans-le-queyras,VM,FRVMPRIV01
60b07eb389fe135ad8894405,http://azimut.ski/en/trips/mountain-biking-queyras-france,VM,FRVM07
60bd049be2f187b2f315717e,http://azimut.ski/en/trips/mountain-biking-enduro-ecrins-france,VM,FRVM06
602a940a360e2c9356ca9620,http://azimut.ski/fr/trips/vtt---decouverte-des-meilleurs-sentiers-et-initiation-pilotage-vtt,VM,FRVM03
60c9bdf8e2f187b2f3150e83,http://azimut.ski/en/trips/enduro-week-end-in-ecrins,VM,FRVM05
60c9db50e2f187b2f353fea6,http://azimut.ski/en/trips/biking-enduro-trip--paradise-singletracks-and-sun-in-the-famous-diois,VM,FRVM11
60d0c5d9e2f187b2f38a6001,http://azimut.ski/en/trips/mtb-tour-mont-blanc,VM,FRVM02
602170fa360e2c93564e05ec,http://azimut.ski/fr/trips/vtt-tour-du-queyras,VM,FRVM01
60d451c4e2f187b2f30f9a86,http://azimut.ski/en/trips/mtb-introduction-around-briancon-serre-chevalier,VM,FRVM04
60d5c645e2f187b2f3c3d70f,http://azimut.ski/en/trips/mtb---serre-chevalier-valley---discover-the-best-trails-and-learn-to-pilot-your-bike,VM,FRVM03
602180bd360e2c93560cf222,http://azimut.ski/fr/trips/vtt-enduro-ecrins,VM,FRVM06
60f9535ae2f187b2f38179a7,http://azimut.ski/en/trips/mountain-bike---easy-enduro-in-south-french-alps--with-shuttle-drop-off,VM,FRVM08
60f81987e2f187b2f3310fd1,http://azimut.ski/fr/trips/dogneton--vtt-enduro---finale-ligure-et-ses-spots-secrets,VM,ITVMPRIV01
60f58f30e2f187b2f31ac043,http://azimut.ski/en/trips/enduro-bike-trip---crazy-singletracks-on-etna-volcano--shuttle-drop-off,VM,ITVM02
6022a1b9360e2c9356f61c57,http://azimut.ski/fr/trips/voyage-vtt-enduro---singletracks-lunaires-sur-l-etna---avec-depose-navettes,VM,ITVM02
602404ba360e2c93562dd1e5,http://azimut.ski/fr/trips/vtt-all-mountain-initiation-dans-le-brianconnais,VM,FRVM04
6022a1c3360e2c9356f63b18,http://azimut.ski/fr/trips/vtt-enduro---orgie-de-singles-et-shuttles-dans-l-beaufortain---alpes-du-nord,VM,FRVM10
60230351360e2c93562e8b62,http://azimut.ski/fr/trips/week-end-enduro-ride-dans-les-ecrins,VM,FRVM05
60e833bfe2f187b2f39e8832,http://azimut.ski/en/trips/mtb-enduro---big-singletracks-and-farniente-around-serre-poncon-lake,VM,FRVM09
602307a0360e2c93563dbc71,http://azimut.ski/fr/trips/vtt-enduro---paradis-du-singletracks-sous-le-soleil-du-fameux-diois,VM,FRVM11
6023436c360e2c9356b6343f,http://azimut.ski/fr/trips/weekend-vtt-enduro-singletracks-queyras,VM,FRVM07
6023bda6360e2c93563e3c87,http://azimut.ski/fr/trips/vtt-enduro-facile---initiation-dans-les-alpes-du-sud---avec-deposes-navettes,VM,FRVM08
6023f9ee360e2c9356d21bb1,http://azimut.ski/fr/trips/vtt-enduro---deposes-navettes-singletracks-et-farniente-au-lac-de-serre-poncon,VM,FRVM09
60e9db3ce2f187b2f3d7110a,http://azimut.ski/en/trips/mountain-biking-serre-chevalier,VM,FRVM13
60d5e8ede2f187b2f3177b5d,http://azimut.ski/en/trips/mountain-biking-tour-queyras,VM,FRVM01
605fe65589fe135ad8426ecd,http://azimut.ski/fr/trips/vtt-raid-a-l-attaque-des-cerces,VT,FRVTT06
